"0","model_data <- d %>% "
"0","  select(subjectids, time, yobs, D) %>% "
"0","  compose_data(.n_name = n_prefix(""N""))"
"0",""
"0","model_data$n_subjects <- n_distinct(d$subjectids)"
"0","model_data$sex<- if_else(subjects$sex=='male',1,0)"
"0","model_data$weight<- as.numeric(scale(subjects$weight))"
"0","model_data$creatinine<- as.numeric(scale(subjects$creatinine))"
"0","model_data$D<- subjects$D"
"0",""
"0","model <- cmdstan_model(stan_file = 'model_dev_2.stan')"
"2","Model executable is up to date!
"
"0","fit <- model$sample(data=model_data, parallel_chains=4, chains=12)"
"1","Running MCMC with 12 chains, at most 4 in parallel...

"
"2","Chain 1 Rejecting initial value:
"
"2","Chain 1   Error evaluating the log probability at the initial value.
"
"2","Chain 1 Exception: lognormal_lpdf: Location parameter[14] is -inf, but must be finite! (in '/var/folders/jg/l5d_63291cz8t8jgb4ttj1vc0000gn/T/RtmpfCmi7V/model-38e95395c447.stan', line 93, column 2 to column 34)
"
"2","Chain 1 Exception: lognormal_lpdf: Location parameter[14] is -inf, but must be finite! (in '/var/folders/jg/l5d_63291cz8t8jgb4ttj1vc0000gn/T/RtmpfCmi7V/model-38e95395c447.stan', line 93, column 2 to column 34)
"
"2","Chain 1 Rejecting initial value:
"
"2","Chain 1   Error evaluating the log probability at the initial value.
"
"2","Chain 1 Exception: lognormal_lpdf: Location parameter[19] is -inf, but must be finite! (in '/var/folders/jg/l5d_63291cz8t8jgb4ttj1vc0000gn/T/RtmpfCmi7V/model-38e95395c447.stan', line 93, column 2 to column 34)
"
"2","Chain 1 Exception: lognormal_lpdf: Location parameter[19] is -inf, but must be finite! (in '/var/folders/jg/l5d_63291cz8t8jgb4ttj1vc0000gn/T/RtmpfCmi7V/model-38e95395c447.stan', line 93, column 2 to column 34)
"
"2","Chain 1 Gradient evaluation took 0.000393 seconds
"
"2","Chain 1 1000 transitions using 10 leapfrog steps per transition would take 3.93 seconds.
"
"2","Chain 1 Adjust your expectations accordingly!
"
"1","Chain"
"1"," "
"1","1"
"1"," "
"1","Iteration:    1 / 2000 [  0%]  (Warmup)"
"1"," "
"1","
"
"2","Chain 1 Informational Message: The current Metropolis proposal is about to be rejected because of the following issue:
"
"2","Chain 1 Exception: lognormal_lpdf: Location parameter[1] is nan, but must be finite! (in '/var/folders/jg/l5d_63291cz8t8jgb4ttj1vc0000gn/T/RtmpfCmi7V/model-38e95395c447.stan', line 93, column 2 to column 34)
"
"2","Chain 1 If this warning occurs sporadically, such as for highly constrained variable types like covariance matrices, then the sampler is fine,
"
"2","Chain 1 but if this warning occurs often then your model may be either severely ill-conditioned or misspecified.
"
"2","Chain 1 
"
"2","Chain 1 Informational Message: The current Metropolis proposal is about to be rejected because of the following issue:
"
"2","Chain 1 Exception: lognormal_lpdf: Location parameter[1] is nan, but must be finite! (in '/var/folders/jg/l5d_63291cz8t8jgb4ttj1vc0000gn/T/RtmpfCmi7V/model-38e95395c447.stan', line 93, column 2 to column 34)
"
"2","Chain 1 If this warning occurs sporadically, such as for highly constrained variable types like covariance matrices, then the sampler is fine,
"
"2","Chain 1 but if this warning occurs often then your model may be either severely ill-conditioned or misspecified.
"
"2","Chain 1 
"
"2","Chain 1 Informational Message: The current Metropolis proposal is about to be rejected because of the following issue:
"
"2","Chain 1 Exception: lognormal_lpdf: Location parameter[1] is nan, but must be finite! (in '/var/folders/jg/l5d_63291cz8t8jgb4ttj1vc0000gn/T/RtmpfCmi7V/model-38e95395c447.stan', line 93, column 2 to column 34)
"
"2","Chain 1 If this warning occurs sporadically, such as for highly constrained variable types like covariance matrices, then the sampler is fine,
"
"2","Chain 1 but if this warning occurs often then your model may be either severely ill-conditioned or misspecified.
"
"2","Chain 1 
"
"2","Chain 1 Informational Message: The current Metropolis proposal is about to be rejected because of the following issue:
"
"2","Chain 1 Exception: lognormal_lpdf: Location parameter[1] is nan, but must be finite! (in '/var/folders/jg/l5d_63291cz8t8jgb4ttj1vc0000gn/T/RtmpfCmi7V/model-38e95395c447.stan', line 93, column 2 to column 34)
"
"2","Chain 1 If this warning occurs sporadically, such as for highly constrained variable types like covariance matrices, then the sampler is fine,
"
"2","Chain 1 but if this warning occurs often then your model may be either severely ill-conditioned or misspecified.
"
"2","Chain 1 
"
"2","Chain 1 Informational Message: The current Metropolis proposal is about to be rejected because of the following issue:
"
"2","Chain 1 Exception: lognormal_lpdf: Location parameter[1] is -inf, but must be finite! (in '/var/folders/jg/l5d_63291cz8t8jgb4ttj1vc0000gn/T/RtmpfCmi7V/model-38e95395c447.stan', line 93, column 2 to column 34)
"
"2","Chain 1 If this warning occurs sporadically, such as for highly constrained variable types like covariance matrices, then the sampler is fine,
"
"2","Chain 1 but if this warning occurs often then your model may be either severely ill-conditioned or misspecified.
"
"2","Chain 1 
"
"2","Chain 1 Informational Message: The current Metropolis proposal is about to be rejected because of the following issue:
"
"2","Chain 1 Exception: beta_lpdf: First shape parameter is 0, but must be > 0! (in '/var/folders/jg/l5d_63291cz8t8jgb4ttj1vc0000gn/T/RtmpfCmi7V/model-38e95395c447.stan', line 83, column 2 to column 53)
"
"2","Chain 1 If this warning occurs sporadically, such as for highly constrained variable types like covariance matrices, then the sampler is fine,
"
"2","Chain 1 but if this warning occurs often then your model may be either severely ill-conditioned or misspecified.
"
"2","Chain 1 
"
"2","Chain 1 Informational Message: The current Metropolis proposal is about to be rejected because of the following issue:
"
"2","Chain 1 Exception: beta_lpdf: Second shape parameter is 0, but must be > 0! (in '/var/folders/jg/l5d_63291cz8t8jgb4ttj1vc0000gn/T/RtmpfCmi7V/model-38e95395c447.stan', line 87, column 2 to column 42)
"
"2","Chain 1 If this warning occurs sporadically, such as for highly constrained variable types like covariance matrices, then the sampler is fine,
"
"2","Chain 1 but if this warning occurs often then your model may be either severely ill-conditioned or misspecified.
"
"2","Chain 1 
"
"2","Chain 1 Informational Message: The current Metropolis proposal is about to be rejected because of the following issue:
"
"2","Chain 1 Exception: lognormal_lpdf: Location parameter[9] is -inf, but must be finite! (in '/var/folders/jg/l5d_63291cz8t8jgb4ttj1vc0000gn/T/RtmpfCmi7V/model-38e95395c447.stan', line 93, column 2 to column 34)
"
"2","Chain 1 If this warning occurs sporadically, such as for highly constrained variable types like covariance matrices, then the sampler is fine,
"
"2","Chain 1 but if this warning occurs often then your model may be either severely ill-conditioned or misspecified.
"
"2","Chain 1 
"
"1","Chain"
"1"," "
"1","2"
"1"," "
"1","Iteration:    1 / 2000 [  0%]  (Warmup)"
"1"," "
"1","
"
"2","Chain 2 Informational Message: The current Metropolis proposal is about to be rejected because of the following issue:
"
"2","Chain 2 Exception: lognormal_lpdf: Location parameter[1] is inf, but must be finite! (in '/var/folders/jg/l5d_63291cz8t8jgb4ttj1vc0000gn/T/RtmpfCmi7V/model-38e95395c447.stan', line 93, column 2 to column 34)
"
"2","Chain 2 If this warning occurs sporadically, such as for highly constrained variable types like covariance matrices, then the sampler is fine,
"
"2","Chain 2 but if this warning occurs often then your model may be either severely ill-conditioned or misspecified.
"
"2","Chain 2 
"
"2","Chain 2 Informational Message: The current Metropolis proposal is about to be rejected because of the following issue:
"
"2","Chain 2 Exception: lognormal_lpdf: Location parameter[1] is inf, but must be finite! (in '/var/folders/jg/l5d_63291cz8t8jgb4ttj1vc0000gn/T/RtmpfCmi7V/model-38e95395c447.stan', line 93, column 2 to column 34)
"
"2","Chain 2 If this warning occurs sporadically, such as for highly constrained variable types like covariance matrices, then the sampler is fine,
"
"2","Chain 2 but if this warning occurs often then your model may be either severely ill-conditioned or misspecified.
"
"2","Chain 2 
"
"2","Chain 2 Informational Message: The current Metropolis proposal is about to be rejected because of the following issue:
"
"2","Chain 2 Exception: lognormal_lpdf: Location parameter[9] is nan, but must be finite! (in '/var/folders/jg/l5d_63291cz8t8jgb4ttj1vc0000gn/T/RtmpfCmi7V/model-38e95395c447.stan', line 93, column 2 to column 34)
"
"2","Chain 2 If this warning occurs sporadically, such as for highly constrained variable types like covariance matrices, then the sampler is fine,
"
"2","Chain 2 but if this warning occurs often then your model may be either severely ill-conditioned or misspecified.
"
"2","Chain 2 
"
"2","Chain 2 Informational Message: The current Metropolis proposal is about to be rejected because of the following issue:
"
"2","Chain 2 Exception: lognormal_lpdf: Scale parameter is inf, but must be finite! (in '/var/folders/jg/l5d_63291cz8t8jgb4ttj1vc0000gn/T/RtmpfCmi7V/model-38e95395c447.stan', line 93, column 2 to column 34)
"
"2","Chain 2 If this warning occurs sporadically, such as for highly constrained variable types like covariance matrices, then the sampler is fine,
"
"2","Chain 2 but if this warning occurs often then your model may be either severely ill-conditioned or misspecified.
"
"2","Chain 2 
"
"2","Chain 2 Informational Message: The current Metropolis proposal is about to be rejected because of the following issue:
"
"2","Chain 2 Exception: lognormal_lpdf: Scale parameter is inf, but must be finite! (in '/var/folders/jg/l5d_63291cz8t8jgb4ttj1vc0000gn/T/RtmpfCmi7V/model-38e95395c447.stan', line 93, column 2 to column 34)
"
"2","Chain 2 If this warning occurs sporadically, such as for highly constrained variable types like covariance matrices, then the sampler is fine,
"
"2","Chain 2 but if this warning occurs often then your model may be either severely ill-conditioned or misspecified.
"
"2","Chain 2 
"
"2","Chain 2 Informational Message: The current Metropolis proposal is about to be rejected because of the following issue:
"
"2","Chain 2 Exception: beta_lpdf: Second shape parameter is 0, but must be > 0! (in '/var/folders/jg/l5d_63291cz8t8jgb4ttj1vc0000gn/T/RtmpfCmi7V/model-38e95395c447.stan', line 87, column 2 to column 42)
"
"2","Chain 2 If this warning occurs sporadically, such as for highly constrained variable types like covariance matrices, then the sampler is fine,
"
"2","Chain 2 but if this warning occurs often then your model may be either severely ill-conditioned or misspecified.
"
"2","Chain 2 
"
"2","Chain 2 Informational Message: The current Metropolis proposal is about to be rejected because of the following issue:
"
"2","Chain 2 Exception: lognormal_lpdf: Location parameter[9] is nan, but must be finite! (in '/var/folders/jg/l5d_63291cz8t8jgb4ttj1vc0000gn/T/RtmpfCmi7V/model-38e95395c447.stan', line 93, column 2 to column 34)
"
"2","Chain 2 If this warning occurs sporadically, such as for highly constrained variable types like covariance matrices, then the sampler is fine,
"
"2","Chain 2 but if this warning occurs often then your model may be either severely ill-conditioned or misspecified.
"
"2","Chain 2 
"
"1","Chain"
"1"," "
"1","3"
"1"," "
"1","Iteration:    1 / 2000 [  0%]  (Warmup)"
"1"," "
"1","
"
"2","Chain 3 Informational Message: The current Metropolis proposal is about to be rejected because of the following issue:
"
"2","Chain 3 Exception: lognormal_lpdf: Location parameter[1] is nan, but must be finite! (in '/var/folders/jg/l5d_63291cz8t8jgb4ttj1vc0000gn/T/RtmpfCmi7V/model-38e95395c447.stan', line 93, column 2 to column 34)
"
"2","Chain 3 If this warning occurs sporadically, such as for highly constrained variable types like covariance matrices, then the sampler is fine,
"
"2","Chain 3 but if this warning occurs often then your model may be either severely ill-conditioned or misspecified.
"
"2","Chain 3 
"
"2","Chain 3 Informational Message: The current Metropolis proposal is about to be rejected because of the following issue:
"
"2","Chain 3 Exception: lognormal_lpdf: Location parameter[1] is nan, but must be finite! (in '/var/folders/jg/l5d_63291cz8t8jgb4ttj1vc0000gn/T/RtmpfCmi7V/model-38e95395c447.stan', line 93, column 2 to column 34)
"
"2","Chain 3 If this warning occurs sporadically, such as for highly constrained variable types like covariance matrices, then the sampler is fine,
"
"2","Chain 3 but if this warning occurs often then your model may be either severely ill-conditioned or misspecified.
"
"2","Chain 3 
"
"2","Chain 3 Informational Message: The current Metropolis proposal is about to be rejected because of the following issue:
"
"2","Chain 3 Exception: lognormal_lpdf: Location parameter[1] is nan, but must be finite! (in '/var/folders/jg/l5d_63291cz8t8jgb4ttj1vc0000gn/T/RtmpfCmi7V/model-38e95395c447.stan', line 93, column 2 to column 34)
"
"2","Chain 3 If this warning occurs sporadically, such as for highly constrained variable types like covariance matrices, then the sampler is fine,
"
"2","Chain 3 but if this warning occurs often then your model may be either severely ill-conditioned or misspecified.
"
"2","Chain 3 
"
"2","Chain 3 Informational Message: The current Metropolis proposal is about to be rejected because of the following issue:
"
"2","Chain 3 Exception: lognormal_lpdf: Location parameter[1] is nan, but must be finite! (in '/var/folders/jg/l5d_63291cz8t8jgb4ttj1vc0000gn/T/RtmpfCmi7V/model-38e95395c447.stan', line 93, column 2 to column 34)
"
"2","Chain 3 If this warning occurs sporadically, such as for highly constrained variable types like covariance matrices, then the sampler is fine,
"
"2","Chain 3 but if this warning occurs often then your model may be either severely ill-conditioned or misspecified.
"
"2","Chain 3 
"
"2","Chain 3 Informational Message: The current Metropolis proposal is about to be rejected because of the following issue:
"
"2","Chain 3 Exception: lognormal_lpdf: Location parameter[1] is nan, but must be finite! (in '/var/folders/jg/l5d_63291cz8t8jgb4ttj1vc0000gn/T/RtmpfCmi7V/model-38e95395c447.stan', line 93, column 2 to column 34)
"
"2","Chain 3 If this warning occurs sporadically, such as for highly constrained variable types like covariance matrices, then the sampler is fine,
"
"2","Chain 3 but if this warning occurs often then your model may be either severely ill-conditioned or misspecified.
"
"2","Chain 3 
"
"2","Chain 3 Informational Message: The current Metropolis proposal is about to be rejected because of the following issue:
"
"2","Chain 3 Exception: lognormal_lpdf: Location parameter[1] is nan, but must be finite! (in '/var/folders/jg/l5d_63291cz8t8jgb4ttj1vc0000gn/T/RtmpfCmi7V/model-38e95395c447.stan', line 93, column 2 to column 34)
"
"2","Chain 3 If this warning occurs sporadically, such as for highly constrained variable types like covariance matrices, then the sampler is fine,
"
"2","Chain 3 but if this warning occurs often then your model may be either severely ill-conditioned or misspecified.
"
"2","Chain 3 
"
"2","Chain 3 Informational Message: The current Metropolis proposal is about to be rejected because of the following issue:
"
"2","Chain 3 Exception: lognormal_lpdf: Location parameter[1] is -inf, but must be finite! (in '/var/folders/jg/l5d_63291cz8t8jgb4ttj1vc0000gn/T/RtmpfCmi7V/model-38e95395c447.stan', line 93, column 2 to column 34)
"
"2","Chain 3 If this warning occurs sporadically, such as for highly constrained variable types like covariance matrices, then the sampler is fine,
"
"2","Chain 3 but if this warning occurs often then your model may be either severely ill-conditioned or misspecified.
"
"2","Chain 3 
"
"2","Chain 3 Informational Message: The current Metropolis proposal is about to be rejected because of the following issue:
"
"2","Chain 3 Exception: beta_lpdf: First shape parameter is 0, but must be > 0! (in '/var/folders/jg/l5d_63291cz8t8jgb4ttj1vc0000gn/T/RtmpfCmi7V/model-38e95395c447.stan', line 83, column 2 to column 53)
"
"2","Chain 3 If this warning occurs sporadically, such as for highly constrained variable types like covariance matrices, then the sampler is fine,
"
"2","Chain 3 but if this warning occurs often then your model may be either severely ill-conditioned or misspecified.
"
"2","Chain 3 
"
"2","Chain 3 Informational Message: The current Metropolis proposal is about to be rejected because of the following issue:
"
"2","Chain 3 Exception: lognormal_lpdf: Location parameter[1] is nan, but must be finite! (in '/var/folders/jg/l5d_63291cz8t8jgb4ttj1vc0000gn/T/RtmpfCmi7V/model-38e95395c447.stan', line 93, column 2 to column 34)
"
"2","Chain 3 If this warning occurs sporadically, such as for highly constrained variable types like covariance matrices, then the sampler is fine,
"
"2","Chain 3 but if this warning occurs often then your model may be either severely ill-conditioned or misspecified.
"
"2","Chain 3 
"
"2","Chain 3 Informational Message: The current Metropolis proposal is about to be rejected because of the following issue:
"
"2","Chain 3 Exception: lognormal_lpdf: Location parameter[1] is nan, but must be finite! (in '/var/folders/jg/l5d_63291cz8t8jgb4ttj1vc0000gn/T/RtmpfCmi7V/model-38e95395c447.stan', line 93, column 2 to column 34)
"
"2","Chain 3 If this warning occurs sporadically, such as for highly constrained variable types like covariance matrices, then the sampler is fine,
"
"2","Chain 3 but if this warning occurs often then your model may be either severely ill-conditioned or misspecified.
"
"2","Chain 3 
"
"1","Chain"
"1"," "
"1","4"
"1"," "
"1","Iteration:    1 / 2000 [  0%]  (Warmup)"
"1"," "
"1","
"
"2","Chain 4 Informational Message: The current Metropolis proposal is about to be rejected because of the following issue:
"
"2","Chain 4 Exception: lognormal_lpdf: Location parameter[1] is nan, but must be finite! (in '/var/folders/jg/l5d_63291cz8t8jgb4ttj1vc0000gn/T/RtmpfCmi7V/model-38e95395c447.stan', line 93, column 2 to column 34)
"
"2","Chain 4 If this warning occurs sporadically, such as for highly constrained variable types like covariance matrices, then the sampler is fine,
"
"2","Chain 4 but if this warning occurs often then your model may be either severely ill-conditioned or misspecified.
"
"2","Chain 4 
"
"2","Chain 4 Informational Message: The current Metropolis proposal is about to be rejected because of the following issue:
"
"2","Chain 4 Exception: lognormal_lpdf: Location parameter[1] is nan, but must be finite! (in '/var/folders/jg/l5d_63291cz8t8jgb4ttj1vc0000gn/T/RtmpfCmi7V/model-38e95395c447.stan', line 93, column 2 to column 34)
"
"2","Chain 4 If this warning occurs sporadically, such as for highly constrained variable types like covariance matrices, then the sampler is fine,
"
"2","Chain 4 but if this warning occurs often then your model may be either severely ill-conditioned or misspecified.
"
"2","Chain 4 
"
"2","Chain 4 Informational Message: The current Metropolis proposal is about to be rejected because of the following issue:
"
"2","Chain 4 Exception: lognormal_lpdf: Location parameter[1] is nan, but must be finite! (in '/var/folders/jg/l5d_63291cz8t8jgb4ttj1vc0000gn/T/RtmpfCmi7V/model-38e95395c447.stan', line 93, column 2 to column 34)
"
"2","Chain 4 If this warning occurs sporadically, such as for highly constrained variable types like covariance matrices, then the sampler is fine,
"
"2","Chain 4 but if this warning occurs often then your model may be either severely ill-conditioned or misspecified.
"
"2","Chain 4 
"
"2","Chain 4 Informational Message: The current Metropolis proposal is about to be rejected because of the following issue:
"
"2","Chain 4 Exception: lognormal_lpdf: Location parameter[1] is nan, but must be finite! (in '/var/folders/jg/l5d_63291cz8t8jgb4ttj1vc0000gn/T/RtmpfCmi7V/model-38e95395c447.stan', line 93, column 2 to column 34)
"
"2","Chain 4 If this warning occurs sporadically, such as for highly constrained variable types like covariance matrices, then the sampler is fine,
"
"2","Chain 4 but if this warning occurs often then your model may be either severely ill-conditioned or misspecified.
"
"2","Chain 4 
"
"2","Chain 4 Informational Message: The current Metropolis proposal is about to be rejected because of the following issue:
"
"2","Chain 4 Exception: lognormal_lpdf: Location parameter[1] is -inf, but must be finite! (in '/var/folders/jg/l5d_63291cz8t8jgb4ttj1vc0000gn/T/RtmpfCmi7V/model-38e95395c447.stan', line 93, column 2 to column 34)
"
"2","Chain 4 If this warning occurs sporadically, such as for highly constrained variable types like covariance matrices, then the sampler is fine,
"
"2","Chain 4 but if this warning occurs often then your model may be either severely ill-conditioned or misspecified.
"
"2","Chain 4 
"
"2","Chain 4 Informational Message: The current Metropolis proposal is about to be rejected because of the following issue:
"
"2","Chain 4 Exception: beta_lpdf: First shape parameter is 0, but must be > 0! (in '/var/folders/jg/l5d_63291cz8t8jgb4ttj1vc0000gn/T/RtmpfCmi7V/model-38e95395c447.stan', line 87, column 2 to column 42)
"
"2","Chain 4 If this warning occurs sporadically, such as for highly constrained variable types like covariance matrices, then the sampler is fine,
"
"2","Chain 4 but if this warning occurs often then your model may be either severely ill-conditioned or misspecified.
"
"2","Chain 4 
"
"2","Chain 4 Informational Message: The current Metropolis proposal is about to be rejected because of the following issue:
"
"2","Chain 4 Exception: lognormal_lpdf: Location parameter[1] is nan, but must be finite! (in '/var/folders/jg/l5d_63291cz8t8jgb4ttj1vc0000gn/T/RtmpfCmi7V/model-38e95395c447.stan', line 93, column 2 to column 34)
"
"2","Chain 4 If this warning occurs sporadically, such as for highly constrained variable types like covariance matrices, then the sampler is fine,
"
"2","Chain 4 but if this warning occurs often then your model may be either severely ill-conditioned or misspecified.
"
"2","Chain 4 
"
"2","Chain 4 Informational Message: The current Metropolis proposal is about to be rejected because of the following issue:
"
"2","Chain 4 Exception: lognormal_lpdf: Location parameter[1] is -inf, but must be finite! (in '/var/folders/jg/l5d_63291cz8t8jgb4ttj1vc0000gn/T/RtmpfCmi7V/model-38e95395c447.stan', line 93, column 2 to column 34)
"
"2","Chain 4 If this warning occurs sporadically, such as for highly constrained variable types like covariance matrices, then the sampler is fine,
"
"2","Chain 4 but if this warning occurs often then your model may be either severely ill-conditioned or misspecified.
"
"2","Chain 4 
"
"1","Chain"
"1"," "
"1","1"
"1"," "
"1","Iteration:  100 / 2000 [  5%]  (Warmup)"
"1"," "
"1","
"
"1","Chain"
"1"," "
"1","2"
"1"," "
"1","Iteration:  100 / 2000 [  5%]  (Warmup)"
"1"," "
"1","
"
"1","Chain"
"1"," "
"1","3"
"1"," "
"1","Iteration:  100 / 2000 [  5%]  (Warmup)"
"1"," "
"1","
"
"2","Chain 3 Informational Message: The current Metropolis proposal is about to be rejected because of the following issue:
"
"2","Chain 3 Exception: lognormal_lpdf: Location parameter[81] is -inf, but must be finite! (in '/var/folders/jg/l5d_63291cz8t8jgb4ttj1vc0000gn/T/RtmpfCmi7V/model-38e95395c447.stan', line 93, column 2 to column 34)
"
"2","Chain 3 If this warning occurs sporadically, such as for highly constrained variable types like covariance matrices, then the sampler is fine,
"
"2","Chain 3 but if this warning occurs often then your model may be either severely ill-conditioned or misspecified.
"
"2","Chain 3 
"
"2","Chain 2 Informational Message: The current Metropolis proposal is about to be rejected because of the following issue:
"
"2","Chain 2 Exception: lognormal_lpdf: Location parameter[88] is -inf, but must be finite! (in '/var/folders/jg/l5d_63291cz8t8jgb4ttj1vc0000gn/T/RtmpfCmi7V/model-38e95395c447.stan', line 93, column 2 to column 34)
"
"2","Chain 2 If this warning occurs sporadically, such as for highly constrained variable types like covariance matrices, then the sampler is fine,
"
"2","Chain 2 but if this warning occurs often then your model may be either severely ill-conditioned or misspecified.
"
"2","Chain 2 
"
"1","Chain"
"1"," "
"1","4"
"1"," "
"1","Iteration:  100 / 2000 [  5%]  (Warmup)"
"1"," "
"1","
"
"1","Chain"
"1"," "
"1","1"
"1"," "
"1","Iteration:  200 / 2000 [ 10%]  (Warmup)"
"1"," "
"1","
"
"1","Chain"
"1"," "
"1","2"
"1"," "
"1","Iteration:  200 / 2000 [ 10%]  (Warmup)"
"1"," "
"1","
"
"1","Chain"
"1"," "
"1","3"
"1"," "
"1","Iteration:  200 / 2000 [ 10%]  (Warmup)"
"1"," "
"1","
"
"1","Chain"
"1"," "
"1","4"
"1"," "
"1","Iteration:  200 / 2000 [ 10%]  (Warmup)"
"1"," "
"1","
"
"1","Chain"
"1"," "
"1","3"
"1"," "
"1","Iteration:  300 / 2000 [ 15%]  (Warmup)"
"1"," "
"1","
"
"1","Chain"
"1"," "
"1","1"
"1"," "
"1","Iteration:  300 / 2000 [ 15%]  (Warmup)"
"1"," "
"1","
"
"1","Chain"
"1"," "
"1","2"
"1"," "
"1","Iteration:  300 / 2000 [ 15%]  (Warmup)"
"1"," "
"1","
"
"1","Chain"
"1"," "
"1","3"
"1"," "
"1","Iteration:  400 / 2000 [ 20%]  (Warmup)"
"1"," "
"1","
"
"1","Chain"
"1"," "
"1","4"
"1"," "
"1","Iteration:  300 / 2000 [ 15%]  (Warmup)"
"1"," "
"1","
"
"1","Chain"
"1"," "
"1","2"
"1"," "
"1","Iteration:  400 / 2000 [ 20%]  (Warmup)"
"1"," "
"1","
"
"1","Chain"
"1"," "
"1","1"
"1"," "
"1","Iteration:  400 / 2000 [ 20%]  (Warmup)"
"1"," "
"1","
"
"1","Chain"
"1"," "
"1","3"
"1"," "
"1","Iteration:  500 / 2000 [ 25%]  (Warmup)"
"1"," "
"1","
"
"1","Chain"
"1"," "
"1","2"
"1"," "
"1","Iteration:  500 / 2000 [ 25%]  (Warmup)"
"1"," "
"1","
"
"1","Chain"
"1"," "
"1","4"
"1"," "
"1","Iteration:  400 / 2000 [ 20%]  (Warmup)"
"1"," "
"1","
"
"1","Chain"
"1"," "
"1","1"
"1"," "
"1","Iteration:  500 / 2000 [ 25%]  (Warmup)"
"1"," "
"1","
"
"1","Chain"
"1"," "
"1","3"
"1"," "
"1","Iteration:  600 / 2000 [ 30%]  (Warmup)"
"1"," "
"1","
"
"1","Chain"
"1"," "
"1","1"
"1"," "
"1","Iteration:  600 / 2000 [ 30%]  (Warmup)"
"1"," "
"1","
"
"1","Chain"
"1"," "
"1","2"
"1"," "
"1","Iteration:  600 / 2000 [ 30%]  (Warmup)"
"1"," "
"1","
"
"1","Chain"
"1"," "
"1","4"
"1"," "
"1","Iteration:  500 / 2000 [ 25%]  (Warmup)"
"1"," "
"1","
"
"1","Chain"
"1"," "
"1","3"
"1"," "
"1","Iteration:  700 / 2000 [ 35%]  (Warmup)"
"1"," "
"1","
"
"1","Chain"
"1"," "
"1","1"
"1"," "
"1","Iteration:  700 / 2000 [ 35%]  (Warmup)"
"1"," "
"1","
"
"1","Chain"
"1"," "
"1","2"
"1"," "
"1","Iteration:  700 / 2000 [ 35%]  (Warmup)"
"1"," "
"1","
"
"1","Chain"
"1"," "
"1","4"
"1"," "
"1","Iteration:  600 / 2000 [ 30%]  (Warmup)"
"1"," "
"1","
"
"1","Chain"
"1"," "
"1","1"
"1"," "
"1","Iteration:  800 / 2000 [ 40%]  (Warmup)"
"1"," "
"1","
"
"1","Chain"
"1"," "
"1","3"
"1"," "
"1","Iteration:  800 / 2000 [ 40%]  (Warmup)"
"1"," "
"1","
"
"1","Chain"
"1"," "
"1","2"
"1"," "
"1","Iteration:  800 / 2000 [ 40%]  (Warmup)"
"1"," "
"1","
"
"1","Chain"
"1"," "
"1","4"
"1"," "
"1","Iteration:  700 / 2000 [ 35%]  (Warmup)"
"1"," "
"1","
"
"1","Chain"
"1"," "
"1","1"
"1"," "
"1","Iteration:  900 / 2000 [ 45%]  (Warmup)"
"1"," "
"1","
"
"1","Chain"
"1"," "
"1","3"
"1"," "
"1","Iteration:  900 / 2000 [ 45%]  (Warmup)"
"1"," "
"1","
"
"1","Chain"
"1"," "
"1","2"
"1"," "
"1","Iteration:  900 / 2000 [ 45%]  (Warmup)"
"1"," "
"1","
"
"1","Chain"
"1"," "
"1","4"
"1"," "
"1","Iteration:  800 / 2000 [ 40%]  (Warmup)"
"1"," "
"1","
"
"1","Chain"
"1"," "
"1","1"
"1"," "
"1","Iteration: 1000 / 2000 [ 50%]  (Warmup)"
"1"," "
"1","
"
"1","Chain"
"1"," "
"1","1"
"1"," "
"1","Iteration: 1001 / 2000 [ 50%]  (Sampling)"
"1"," "
"1","
"
"1","Chain"
"1"," "
"1","4"
"1"," "
"1","Iteration:  900 / 2000 [ 45%]  (Warmup)"
"1"," "
"1","
"
"1","Chain"
"1"," "
"1","3"
"1"," "
"1","Iteration: 1000 / 2000 [ 50%]  (Warmup)"
"1"," "
"1","
"
"1","Chain"
"1"," "
"1","3"
"1"," "
"1","Iteration: 1001 / 2000 [ 50%]  (Sampling)"
"1"," "
"1","
"
"1","Chain"
"1"," "
"1","2"
"1"," "
"1","Iteration: 1000 / 2000 [ 50%]  (Warmup)"
"1"," "
"1","
"
"1","Chain"
"1"," "
"1","2"
"1"," "
"1","Iteration: 1001 / 2000 [ 50%]  (Sampling)"
"1"," "
"1","
"
"1","Chain"
"1"," "
"1","4"
"1"," "
"1","Iteration: 1000 / 2000 [ 50%]  (Warmup)"
"1"," "
"1","
"
"1","Chain"
"1"," "
"1","4"
"1"," "
"1","Iteration: 1001 / 2000 [ 50%]  (Sampling)"
"1"," "
"1","
"
"1","Chain"
"1"," "
"1","1"
"1"," "
"1","Iteration: 1100 / 2000 [ 55%]  (Sampling)"
"1"," "
"1","
"
"1","Chain"
"1"," "
"1","3"
"1"," "
"1","Iteration: 1100 / 2000 [ 55%]  (Sampling)"
"1"," "
"1","
"
"1","Chain"
"1"," "
"1","2"
"1"," "
"1","Iteration: 1100 / 2000 [ 55%]  (Sampling)"
"1"," "
"1","
"
"1","Chain"
"1"," "
"1","4"
"1"," "
"1","Iteration: 1100 / 2000 [ 55%]  (Sampling)"
"1"," "
"1","
"
"1","Chain"
"1"," "
"1","3"
"1"," "
"1","Iteration: 1200 / 2000 [ 60%]  (Sampling)"
"1"," "
"1","
"
"1","Chain"
"1"," "
"1","1"
"1"," "
"1","Iteration: 1200 / 2000 [ 60%]  (Sampling)"
"1"," "
"1","
"
"1","Chain"
"1"," "
"1","2"
"1"," "
"1","Iteration: 1200 / 2000 [ 60%]  (Sampling)"
"1"," "
"1","
"
"1","Chain"
"1"," "
"1","4"
"1"," "
"1","Iteration: 1200 / 2000 [ 60%]  (Sampling)"
"1"," "
"1","
"
"1","Chain"
"1"," "
"1","3"
"1"," "
"1","Iteration: 1300 / 2000 [ 65%]  (Sampling)"
"1"," "
"1","
"
"1","Chain"
"1"," "
"1","1"
"1"," "
"1","Iteration: 1300 / 2000 [ 65%]  (Sampling)"
"1"," "
"1","
"
"1","Chain"
"1"," "
"1","2"
"1"," "
"1","Iteration: 1300 / 2000 [ 65%]  (Sampling)"
"1"," "
"1","
"
"1","Chain"
"1"," "
"1","4"
"1"," "
"1","Iteration: 1300 / 2000 [ 65%]  (Sampling)"
"1"," "
"1","
"
"1","Chain"
"1"," "
"1","3"
"1"," "
"1","Iteration: 1400 / 2000 [ 70%]  (Sampling)"
"1"," "
"1","
"
"1","Chain"
"1"," "
"1","1"
"1"," "
"1","Iteration: 1400 / 2000 [ 70%]  (Sampling)"
"1"," "
"1","
"
"1","Chain"
"1"," "
"1","4"
"1"," "
"1","Iteration: 1400 / 2000 [ 70%]  (Sampling)"
"1"," "
"1","
"
"1","Chain"
"1"," "
"1","2"
"1"," "
"1","Iteration: 1400 / 2000 [ 70%]  (Sampling)"
"1"," "
"1","
"
"1","Chain"
"1"," "
"1","3"
"1"," "
"1","Iteration: 1500 / 2000 [ 75%]  (Sampling)"
"1"," "
"1","
"
"1","Chain"
"1"," "
"1","1"
"1"," "
"1","Iteration: 1500 / 2000 [ 75%]  (Sampling)"
"1"," "
"1","
"
"1","Chain"
"1"," "
"1","4"
"1"," "
"1","Iteration: 1500 / 2000 [ 75%]  (Sampling)"
"1"," "
"1","
"
"1","Chain"
"1"," "
"1","2"
"1"," "
"1","Iteration: 1500 / 2000 [ 75%]  (Sampling)"
"1"," "
"1","
"
"1","Chain"
"1"," "
"1","3"
"1"," "
"1","Iteration: 1600 / 2000 [ 80%]  (Sampling)"
"1"," "
"1","
"
"1","Chain"
"1"," "
"1","1"
"1"," "
"1","Iteration: 1600 / 2000 [ 80%]  (Sampling)"
"1"," "
"1","
"
"1","Chain"
"1"," "
"1","4"
"1"," "
"1","Iteration: 1600 / 2000 [ 80%]  (Sampling)"
"1"," "
"1","
"
"1","Chain"
"1"," "
"1","2"
"1"," "
"1","Iteration: 1600 / 2000 [ 80%]  (Sampling)"
"1"," "
"1","
"
"1","Chain"
"1"," "
"1","3"
"1"," "
"1","Iteration: 1700 / 2000 [ 85%]  (Sampling)"
"1"," "
"1","
"
"1","Chain"
"1"," "
"1","4"
"1"," "
"1","Iteration: 1700 / 2000 [ 85%]  (Sampling)"
"1"," "
"1","
"
"1","Chain"
"1"," "
"1","1"
"1"," "
"1","Iteration: 1700 / 2000 [ 85%]  (Sampling)"
"1"," "
"1","
"
"1","Chain"
"1"," "
"1","2"
"1"," "
"1","Iteration: 1700 / 2000 [ 85%]  (Sampling)"
"1"," "
"1","
"
"1","Chain"
"1"," "
"1","3"
"1"," "
"1","Iteration: 1800 / 2000 [ 90%]  (Sampling)"
"1"," "
"1","
"
"1","Chain"
"1"," "
"1","4"
"1"," "
"1","Iteration: 1800 / 2000 [ 90%]  (Sampling)"
"1"," "
"1","
"
"1","Chain"
"1"," "
"1","1"
"1"," "
"1","Iteration: 1800 / 2000 [ 90%]  (Sampling)"
"1"," "
"1","
"
"1","Chain"
"1"," "
"1","2"
"1"," "
"1","Iteration: 1800 / 2000 [ 90%]  (Sampling)"
"1"," "
"1","
"
"1","Chain"
"1"," "
"1","3"
"1"," "
"1","Iteration: 1900 / 2000 [ 95%]  (Sampling)"
"1"," "
"1","
"
"1","Chain"
"1"," "
"1","4"
"1"," "
"1","Iteration: 1900 / 2000 [ 95%]  (Sampling)"
"1"," "
"1","
"
"1","Chain"
"1"," "
"1","1"
"1"," "
"1","Iteration: 1900 / 2000 [ 95%]  (Sampling)"
"1"," "
"1","
"
"1","Chain"
"1"," "
"1","3"
"1"," "
"1","Iteration: 2000 / 2000 [100%]  (Sampling)"
"1"," "
"1","
"
"1","Chain"
"1"," "
"1","2"
"1"," "
"1","Iteration: 1900 / 2000 [ 95%]  (Sampling)"
"1"," "
"1","
"
"1","Chain"
"1"," "
"1","3"
"1"," "
"1","finished in"
"1"," "
"1","55.7"
"1"," "
"1","seconds.
"
"2","Chain 5 Rejecting initial value:
"
"2","Chain 5   Error evaluating the log probability at the initial value.
"
"2","Chain 5 Exception: lognormal_lpdf: Location parameter[69] is -inf, but must be finite! (in '/var/folders/jg/l5d_63291cz8t8jgb4ttj1vc0000gn/T/RtmpfCmi7V/model-38e95395c447.stan', line 93, column 2 to column 34)
"
"2","Chain 5 Exception: lognormal_lpdf: Location parameter[69] is -inf, but must be finite! (in '/var/folders/jg/l5d_63291cz8t8jgb4ttj1vc0000gn/T/RtmpfCmi7V/model-38e95395c447.stan', line 93, column 2 to column 34)
"
"2","Chain 5 Gradient evaluation took 0.000414 seconds
"
"2","Chain 5 1000 transitions using 10 leapfrog steps per transition would take 4.14 seconds.
"
"2","Chain 5 Adjust your expectations accordingly!
"
"1","Chain"
"1"," "
"1","5"
"1"," "
"1","Iteration:    1 / 2000 [  0%]  (Warmup)"
"1"," "
"1","
"
"2","Chain 5 Informational Message: The current Metropolis proposal is about to be rejected because of the following issue:
"
"2","Chain 5 Exception: lognormal_lpdf: Location parameter[1] is inf, but must be finite! (in '/var/folders/jg/l5d_63291cz8t8jgb4ttj1vc0000gn/T/RtmpfCmi7V/model-38e95395c447.stan', line 93, column 2 to column 34)
"
"2","Chain 5 If this warning occurs sporadically, such as for highly constrained variable types like covariance matrices, then the sampler is fine,
"
"2","Chain 5 but if this warning occurs often then your model may be either severely ill-conditioned or misspecified.
"
"2","Chain 5 
"
"2","Chain 5 Informational Message: The current Metropolis proposal is about to be rejected because of the following issue:
"
"2","Chain 5 Exception: lognormal_lpdf: Location parameter[1] is inf, but must be finite! (in '/var/folders/jg/l5d_63291cz8t8jgb4ttj1vc0000gn/T/RtmpfCmi7V/model-38e95395c447.stan', line 93, column 2 to column 34)
"
"2","Chain 5 If this warning occurs sporadically, such as for highly constrained variable types like covariance matrices, then the sampler is fine,
"
"2","Chain 5 but if this warning occurs often then your model may be either severely ill-conditioned or misspecified.
"
"2","Chain 5 
"
"2","Chain 5 Informational Message: The current Metropolis proposal is about to be rejected because of the following issue:
"
"2","Chain 5 Exception: lognormal_lpdf: Location parameter[1] is inf, but must be finite! (in '/var/folders/jg/l5d_63291cz8t8jgb4ttj1vc0000gn/T/RtmpfCmi7V/model-38e95395c447.stan', line 93, column 2 to column 34)
"
"2","Chain 5 If this warning occurs sporadically, such as for highly constrained variable types like covariance matrices, then the sampler is fine,
"
"2","Chain 5 but if this warning occurs often then your model may be either severely ill-conditioned or misspecified.
"
"2","Chain 5 
"
"2","Chain 5 Informational Message: The current Metropolis proposal is about to be rejected because of the following issue:
"
"2","Chain 5 Exception: lognormal_lpdf: Scale parameter is inf, but must be finite! (in '/var/folders/jg/l5d_63291cz8t8jgb4ttj1vc0000gn/T/RtmpfCmi7V/model-38e95395c447.stan', line 93, column 2 to column 34)
"
"2","Chain 5 If this warning occurs sporadically, such as for highly constrained variable types like covariance matrices, then the sampler is fine,
"
"2","Chain 5 but if this warning occurs often then your model may be either severely ill-conditioned or misspecified.
"
"2","Chain 5 
"
"2","Chain 5 Informational Message: The current Metropolis proposal is about to be rejected because of the following issue:
"
"2","Chain 5 Exception: lognormal_lpdf: Scale parameter is inf, but must be finite! (in '/var/folders/jg/l5d_63291cz8t8jgb4ttj1vc0000gn/T/RtmpfCmi7V/model-38e95395c447.stan', line 93, column 2 to column 34)
"
"2","Chain 5 If this warning occurs sporadically, such as for highly constrained variable types like covariance matrices, then the sampler is fine,
"
"2","Chain 5 but if this warning occurs often then your model may be either severely ill-conditioned or misspecified.
"
"2","Chain 5 
"
"2","Chain 5 Informational Message: The current Metropolis proposal is about to be rejected because of the following issue:
"
"2","Chain 5 Exception: beta_lpdf: First shape parameter is 0, but must be > 0! (in '/var/folders/jg/l5d_63291cz8t8jgb4ttj1vc0000gn/T/RtmpfCmi7V/model-38e95395c447.stan', line 83, column 2 to column 53)
"
"2","Chain 5 If this warning occurs sporadically, such as for highly constrained variable types like covariance matrices, then the sampler is fine,
"
"2","Chain 5 but if this warning occurs often then your model may be either severely ill-conditioned or misspecified.
"
"2","Chain 5 
"
"2","Chain 5 Informational Message: The current Metropolis proposal is about to be rejected because of the following issue:
"
"2","Chain 5 Exception: beta_lpdf: Second shape parameter is 0, but must be > 0! (in '/var/folders/jg/l5d_63291cz8t8jgb4ttj1vc0000gn/T/RtmpfCmi7V/model-38e95395c447.stan', line 87, column 2 to column 42)
"
"2","Chain 5 If this warning occurs sporadically, such as for highly constrained variable types like covariance matrices, then the sampler is fine,
"
"2","Chain 5 but if this warning occurs often then your model may be either severely ill-conditioned or misspecified.
"
"2","Chain 5 
"
"2","Chain 5 Informational Message: The current Metropolis proposal is about to be rejected because of the following issue:
"
"2","Chain 5 Exception: lognormal_lpdf: Scale parameter is inf, but must be finite! (in '/var/folders/jg/l5d_63291cz8t8jgb4ttj1vc0000gn/T/RtmpfCmi7V/model-38e95395c447.stan', line 93, column 2 to column 34)
"
"2","Chain 5 If this warning occurs sporadically, such as for highly constrained variable types like covariance matrices, then the sampler is fine,
"
"2","Chain 5 but if this warning occurs often then your model may be either severely ill-conditioned or misspecified.
"
"2","Chain 5 
"
"1","Chain"
"1"," "
"1","4"
"1"," "
"1","Iteration: 2000 / 2000 [100%]  (Sampling)"
"1"," "
"1","
"
"1","Chain"
"1"," "
"1","4"
"1"," "
"1","finished in"
"1"," "
"1","57.7"
"1"," "
"1","seconds.
"
"1","Chain"
"1"," "
"1","6"
"1"," "
"1","Iteration:    1 / 2000 [  0%]  (Warmup)"
"1"," "
"1","
"
"2","Chain 6 Informational Message: The current Metropolis proposal is about to be rejected because of the following issue:
"
"2","Chain 6 Exception: lognormal_lpdf: Location parameter[1] is nan, but must be finite! (in '/var/folders/jg/l5d_63291cz8t8jgb4ttj1vc0000gn/T/RtmpfCmi7V/model-38e95395c447.stan', line 93, column 2 to column 34)
"
"2","Chain 6 If this warning occurs sporadically, such as for highly constrained variable types like covariance matrices, then the sampler is fine,
"
"2","Chain 6 but if this warning occurs often then your model may be either severely ill-conditioned or misspecified.
"
"2","Chain 6 
"
"2","Chain 6 Informational Message: The current Metropolis proposal is about to be rejected because of the following issue:
"
"2","Chain 6 Exception: lognormal_lpdf: Location parameter[1] is nan, but must be finite! (in '/var/folders/jg/l5d_63291cz8t8jgb4ttj1vc0000gn/T/RtmpfCmi7V/model-38e95395c447.stan', line 93, column 2 to column 34)
"
"2","Chain 6 If this warning occurs sporadically, such as for highly constrained variable types like covariance matrices, then the sampler is fine,
"
"2","Chain 6 but if this warning occurs often then your model may be either severely ill-conditioned or misspecified.
"
"2","Chain 6 
"
"2","Chain 6 Informational Message: The current Metropolis proposal is about to be rejected because of the following issue:
"
"2","Chain 6 Exception: lognormal_lpdf: Location parameter[1] is nan, but must be finite! (in '/var/folders/jg/l5d_63291cz8t8jgb4ttj1vc0000gn/T/RtmpfCmi7V/model-38e95395c447.stan', line 93, column 2 to column 34)
"
"2","Chain 6 If this warning occurs sporadically, such as for highly constrained variable types like covariance matrices, then the sampler is fine,
"
"2","Chain 6 but if this warning occurs often then your model may be either severely ill-conditioned or misspecified.
"
"2","Chain 6 
"
"2","Chain 6 Informational Message: The current Metropolis proposal is about to be rejected because of the following issue:
"
"2","Chain 6 Exception: lognormal_lpdf: Location parameter[1] is nan, but must be finite! (in '/var/folders/jg/l5d_63291cz8t8jgb4ttj1vc0000gn/T/RtmpfCmi7V/model-38e95395c447.stan', line 93, column 2 to column 34)
"
"2","Chain 6 If this warning occurs sporadically, such as for highly constrained variable types like covariance matrices, then the sampler is fine,
"
"2","Chain 6 but if this warning occurs often then your model may be either severely ill-conditioned or misspecified.
"
"2","Chain 6 
"
"2","Chain 6 Informational Message: The current Metropolis proposal is about to be rejected because of the following issue:
"
"2","Chain 6 Exception: beta_lpdf: Second shape parameter is 0, but must be > 0! (in '/var/folders/jg/l5d_63291cz8t8jgb4ttj1vc0000gn/T/RtmpfCmi7V/model-38e95395c447.stan', line 83, column 2 to column 53)
"
"2","Chain 6 If this warning occurs sporadically, such as for highly constrained variable types like covariance matrices, then the sampler is fine,
"
"2","Chain 6 but if this warning occurs often then your model may be either severely ill-conditioned or misspecified.
"
"2","Chain 6 
"
"2","Chain 6 Informational Message: The current Metropolis proposal is about to be rejected because of the following issue:
"
"2","Chain 6 Exception: beta_lpdf: Second shape parameter is 0, but must be > 0! (in '/var/folders/jg/l5d_63291cz8t8jgb4ttj1vc0000gn/T/RtmpfCmi7V/model-38e95395c447.stan', line 83, column 2 to column 53)
"
"2","Chain 6 If this warning occurs sporadically, such as for highly constrained variable types like covariance matrices, then the sampler is fine,
"
"2","Chain 6 but if this warning occurs often then your model may be either severely ill-conditioned or misspecified.
"
"2","Chain 6 
"
"1","Chain"
"1"," "
"1","1"
"1"," "
"1","Iteration: 2000 / 2000 [100%]  (Sampling)"
"1"," "
"1","
"
"1","Chain"
"1"," "
"1","2"
"1"," "
"1","Iteration: 2000 / 2000 [100%]  (Sampling)"
"1"," "
"1","
"
"1","Chain"
"1"," "
"1","2"
"1"," "
"1","finished in"
"1"," "
"1","60.8"
"1"," "
"1","seconds.
"
"1","Chain"
"1"," "
"1","7"
"1"," "
"1","Iteration:    1 / 2000 [  0%]  (Warmup)"
"1"," "
"1","
"
"2","Chain 7 Informational Message: The current Metropolis proposal is about to be rejected because of the following issue:
"
"2","Chain 7 Exception: lognormal_lpdf: Location parameter[1] is inf, but must be finite! (in '/var/folders/jg/l5d_63291cz8t8jgb4ttj1vc0000gn/T/RtmpfCmi7V/model-38e95395c447.stan', line 93, column 2 to column 34)
"
"2","Chain 7 If this warning occurs sporadically, such as for highly constrained variable types like covariance matrices, then the sampler is fine,
"
"2","Chain 7 but if this warning occurs often then your model may be either severely ill-conditioned or misspecified.
"
"2","Chain 7 
"
"2","Chain 7 Informational Message: The current Metropolis proposal is about to be rejected because of the following issue:
"
"2","Chain 7 Exception: lognormal_lpdf: Location parameter[1] is inf, but must be finite! (in '/var/folders/jg/l5d_63291cz8t8jgb4ttj1vc0000gn/T/RtmpfCmi7V/model-38e95395c447.stan', line 93, column 2 to column 34)
"
"2","Chain 7 If this warning occurs sporadically, such as for highly constrained variable types like covariance matrices, then the sampler is fine,
"
"2","Chain 7 but if this warning occurs often then your model may be either severely ill-conditioned or misspecified.
"
"2","Chain 7 
"
"2","Chain 7 Informational Message: The current Metropolis proposal is about to be rejected because of the following issue:
"
"2","Chain 7 Exception: lognormal_lpdf: Location parameter[1] is inf, but must be finite! (in '/var/folders/jg/l5d_63291cz8t8jgb4ttj1vc0000gn/T/RtmpfCmi7V/model-38e95395c447.stan', line 93, column 2 to column 34)
"
"2","Chain 7 If this warning occurs sporadically, such as for highly constrained variable types like covariance matrices, then the sampler is fine,
"
"2","Chain 7 but if this warning occurs often then your model may be either severely ill-conditioned or misspecified.
"
"2","Chain 7 
"
"2","Chain 7 Informational Message: The current Metropolis proposal is about to be rejected because of the following issue:
"
"2","Chain 7 Exception: lognormal_lpdf: Scale parameter is inf, but must be finite! (in '/var/folders/jg/l5d_63291cz8t8jgb4ttj1vc0000gn/T/RtmpfCmi7V/model-38e95395c447.stan', line 93, column 2 to column 34)
"
"2","Chain 7 If this warning occurs sporadically, such as for highly constrained variable types like covariance matrices, then the sampler is fine,
"
"2","Chain 7 but if this warning occurs often then your model may be either severely ill-conditioned or misspecified.
"
"2","Chain 7 
"
"2","Chain 7 Informational Message: The current Metropolis proposal is about to be rejected because of the following issue:
"
"2","Chain 7 Exception: beta_lpdf: First shape parameter is 0, but must be > 0! (in '/var/folders/jg/l5d_63291cz8t8jgb4ttj1vc0000gn/T/RtmpfCmi7V/model-38e95395c447.stan', line 83, column 2 to column 53)
"
"2","Chain 7 If this warning occurs sporadically, such as for highly constrained variable types like covariance matrices, then the sampler is fine,
"
"2","Chain 7 but if this warning occurs often then your model may be either severely ill-conditioned or misspecified.
"
"2","Chain 7 
"
"2","Chain 7 Informational Message: The current Metropolis proposal is about to be rejected because of the following issue:
"
"2","Chain 7 Exception: lognormal_lpdf: Location parameter[1] is nan, but must be finite! (in '/var/folders/jg/l5d_63291cz8t8jgb4ttj1vc0000gn/T/RtmpfCmi7V/model-38e95395c447.stan', line 93, column 2 to column 34)
"
"2","Chain 7 If this warning occurs sporadically, such as for highly constrained variable types like covariance matrices, then the sampler is fine,
"
"2","Chain 7 but if this warning occurs often then your model may be either severely ill-conditioned or misspecified.
"
"2","Chain 7 
"
"2","Chain 7 Informational Message: The current Metropolis proposal is about to be rejected because of the following issue:
"
"2","Chain 7 Exception: lognormal_lpdf: Location parameter[1] is -inf, but must be finite! (in '/var/folders/jg/l5d_63291cz8t8jgb4ttj1vc0000gn/T/RtmpfCmi7V/model-38e95395c447.stan', line 93, column 2 to column 34)
"
"2","Chain 7 If this warning occurs sporadically, such as for highly constrained variable types like covariance matrices, then the sampler is fine,
"
"2","Chain 7 but if this warning occurs often then your model may be either severely ill-conditioned or misspecified.
"
"2","Chain 7 
"
"1","Chain"
"1"," "
"1","1"
"1"," "
"1","finished in"
"1"," "
"1","61.0"
"1"," "
"1","seconds.
"
"1","Chain"
"1"," "
"1","8"
"1"," "
"1","Iteration:    1 / 2000 [  0%]  (Warmup)"
"1"," "
"1","
"
"2","Chain 8 Informational Message: The current Metropolis proposal is about to be rejected because of the following issue:
"
"2","Chain 8 Exception: lognormal_lpdf: Location parameter[1] is nan, but must be finite! (in '/var/folders/jg/l5d_63291cz8t8jgb4ttj1vc0000gn/T/RtmpfCmi7V/model-38e95395c447.stan', line 93, column 2 to column 34)
"
"2","Chain 8 If this warning occurs sporadically, such as for highly constrained variable types like covariance matrices, then the sampler is fine,
"
"2","Chain 8 but if this warning occurs often then your model may be either severely ill-conditioned or misspecified.
"
"2","Chain 8 
"
"2","Chain 8 Informational Message: The current Metropolis proposal is about to be rejected because of the following issue:
"
"2","Chain 8 Exception: lognormal_lpdf: Location parameter[1] is nan, but must be finite! (in '/var/folders/jg/l5d_63291cz8t8jgb4ttj1vc0000gn/T/RtmpfCmi7V/model-38e95395c447.stan', line 93, column 2 to column 34)
"
"2","Chain 8 If this warning occurs sporadically, such as for highly constrained variable types like covariance matrices, then the sampler is fine,
"
"2","Chain 8 but if this warning occurs often then your model may be either severely ill-conditioned or misspecified.
"
"2","Chain 8 
"
"2","Chain 8 Informational Message: The current Metropolis proposal is about to be rejected because of the following issue:
"
"2","Chain 8 Exception: lognormal_lpdf: Location parameter[1] is nan, but must be finite! (in '/var/folders/jg/l5d_63291cz8t8jgb4ttj1vc0000gn/T/RtmpfCmi7V/model-38e95395c447.stan', line 93, column 2 to column 34)
"
"2","Chain 8 If this warning occurs sporadically, such as for highly constrained variable types like covariance matrices, then the sampler is fine,
"
"2","Chain 8 but if this warning occurs often then your model may be either severely ill-conditioned or misspecified.
"
"2","Chain 8 
"
"2","Chain 8 Informational Message: The current Metropolis proposal is about to be rejected because of the following issue:
"
"2","Chain 8 Exception: lognormal_lpdf: Location parameter[1] is nan, but must be finite! (in '/var/folders/jg/l5d_63291cz8t8jgb4ttj1vc0000gn/T/RtmpfCmi7V/model-38e95395c447.stan', line 93, column 2 to column 34)
"
"2","Chain 8 If this warning occurs sporadically, such as for highly constrained variable types like covariance matrices, then the sampler is fine,
"
"2","Chain 8 but if this warning occurs often then your model may be either severely ill-conditioned or misspecified.
"
"2","Chain 8 
"
"2","Chain 8 Informational Message: The current Metropolis proposal is about to be rejected because of the following issue:
"
"2","Chain 8 Exception: lognormal_lpdf: Location parameter[1] is nan, but must be finite! (in '/var/folders/jg/l5d_63291cz8t8jgb4ttj1vc0000gn/T/RtmpfCmi7V/model-38e95395c447.stan', line 93, column 2 to column 34)
"
"2","Chain 8 If this warning occurs sporadically, such as for highly constrained variable types like covariance matrices, then the sampler is fine,
"
"2","Chain 8 but if this warning occurs often then your model may be either severely ill-conditioned or misspecified.
"
"2","Chain 8 
"
"2","Chain 8 Informational Message: The current Metropolis proposal is about to be rejected because of the following issue:
"
"2","Chain 8 Exception: lognormal_lpdf: Location parameter[1] is nan, but must be finite! (in '/var/folders/jg/l5d_63291cz8t8jgb4ttj1vc0000gn/T/RtmpfCmi7V/model-38e95395c447.stan', line 93, column 2 to column 34)
"
"2","Chain 8 If this warning occurs sporadically, such as for highly constrained variable types like covariance matrices, then the sampler is fine,
"
"2","Chain 8 but if this warning occurs often then your model may be either severely ill-conditioned or misspecified.
"
"2","Chain 8 
"
"2","Chain 8 Informational Message: The current Metropolis proposal is about to be rejected because of the following issue:
"
"2","Chain 8 Exception: lognormal_lpdf: Location parameter[1] is nan, but must be finite! (in '/var/folders/jg/l5d_63291cz8t8jgb4ttj1vc0000gn/T/RtmpfCmi7V/model-38e95395c447.stan', line 93, column 2 to column 34)
"
"2","Chain 8 If this warning occurs sporadically, such as for highly constrained variable types like covariance matrices, then the sampler is fine,
"
"2","Chain 8 but if this warning occurs often then your model may be either severely ill-conditioned or misspecified.
"
"2","Chain 8 
"
"2","Chain 8 Informational Message: The current Metropolis proposal is about to be rejected because of the following issue:
"
"2","Chain 8 Exception: lognormal_lpdf: Location parameter[1] is nan, but must be finite! (in '/var/folders/jg/l5d_63291cz8t8jgb4ttj1vc0000gn/T/RtmpfCmi7V/model-38e95395c447.stan', line 93, column 2 to column 34)
"
"2","Chain 8 If this warning occurs sporadically, such as for highly constrained variable types like covariance matrices, then the sampler is fine,
"
"2","Chain 8 but if this warning occurs often then your model may be either severely ill-conditioned or misspecified.
"
"2","Chain 8 
"
"2","Chain 8 Informational Message: The current Metropolis proposal is about to be rejected because of the following issue:
"
"2","Chain 8 Exception: lognormal_lpdf: Location parameter[1] is -inf, but must be finite! (in '/var/folders/jg/l5d_63291cz8t8jgb4ttj1vc0000gn/T/RtmpfCmi7V/model-38e95395c447.stan', line 93, column 2 to column 34)
"
"2","Chain 8 If this warning occurs sporadically, such as for highly constrained variable types like covariance matrices, then the sampler is fine,
"
"2","Chain 8 but if this warning occurs often then your model may be either severely ill-conditioned or misspecified.
"
"2","Chain 8 
"
"2","Chain 8 Informational Message: The current Metropolis proposal is about to be rejected because of the following issue:
"
"2","Chain 8 Exception: beta_lpdf: First shape parameter is 0, but must be > 0! (in '/var/folders/jg/l5d_63291cz8t8jgb4ttj1vc0000gn/T/RtmpfCmi7V/model-38e95395c447.stan', line 83, column 2 to column 53)
"
"2","Chain 8 If this warning occurs sporadically, such as for highly constrained variable types like covariance matrices, then the sampler is fine,
"
"2","Chain 8 but if this warning occurs often then your model may be either severely ill-conditioned or misspecified.
"
"2","Chain 8 
"
"2","Chain 8 Informational Message: The current Metropolis proposal is about to be rejected because of the following issue:
"
"2","Chain 8 Exception: beta_lpdf: Second shape parameter is 0, but must be > 0! (in '/var/folders/jg/l5d_63291cz8t8jgb4ttj1vc0000gn/T/RtmpfCmi7V/model-38e95395c447.stan', line 87, column 2 to column 42)
"
"2","Chain 8 If this warning occurs sporadically, such as for highly constrained variable types like covariance matrices, then the sampler is fine,
"
"2","Chain 8 but if this warning occurs often then your model may be either severely ill-conditioned or misspecified.
"
"2","Chain 8 
"
"2","Chain 8 Informational Message: The current Metropolis proposal is about to be rejected because of the following issue:
"
"2","Chain 8 Exception: lognormal_lpdf: Scale parameter is inf, but must be finite! (in '/var/folders/jg/l5d_63291cz8t8jgb4ttj1vc0000gn/T/RtmpfCmi7V/model-38e95395c447.stan', line 93, column 2 to column 34)
"
"2","Chain 8 If this warning occurs sporadically, such as for highly constrained variable types like covariance matrices, then the sampler is fine,
"
"2","Chain 8 but if this warning occurs often then your model may be either severely ill-conditioned or misspecified.
"
"2","Chain 8 
"
"1","Chain"
"1"," "
"1","5"
"1"," "
"1","Iteration:  100 / 2000 [  5%]  (Warmup)"
"1"," "
"1","
"
"1","Chain"
"1"," "
"1","8"
"1"," "
"1","Iteration:  100 / 2000 [  5%]  (Warmup)"
"1"," "
"1","
"
"1","Chain"
"1"," "
"1","5"
"1"," "
"1","Iteration:  200 / 2000 [ 10%]  (Warmup)"
"1"," "
"1","
"
"1","Chain"
"1"," "
"1","6"
"1"," "
"1","Iteration:  100 / 2000 [  5%]  (Warmup)"
"1"," "
"1","
"
"1","Chain"
"1"," "
"1","7"
"1"," "
"1","Iteration:  100 / 2000 [  5%]  (Warmup)"
"1"," "
"1","
"
"1","Chain"
"1"," "
"1","5"
"1"," "
"1","Iteration:  300 / 2000 [ 15%]  (Warmup)"
"1"," "
"1","
"
"1","Chain"
"1"," "
"1","6"
"1"," "
"1","Iteration:  200 / 2000 [ 10%]  (Warmup)"
"1"," "
"1","
"
"1","Chain"
"1"," "
"1","8"
"1"," "
"1","Iteration:  200 / 2000 [ 10%]  (Warmup)"
"1"," "
"1","
"
"1","Chain"
"1"," "
"1","7"
"1"," "
"1","Iteration:  200 / 2000 [ 10%]  (Warmup)"
"1"," "
"1","
"
"1","Chain"
"1"," "
"1","5"
"1"," "
"1","Iteration:  400 / 2000 [ 20%]  (Warmup)"
"1"," "
"1","
"
"1","Chain"
"1"," "
"1","6"
"1"," "
"1","Iteration:  300 / 2000 [ 15%]  (Warmup)"
"1"," "
"1","
"
"1","Chain"
"1"," "
"1","8"
"1"," "
"1","Iteration:  300 / 2000 [ 15%]  (Warmup)"
"1"," "
"1","
"
"1","Chain"
"1"," "
"1","7"
"1"," "
"1","Iteration:  300 / 2000 [ 15%]  (Warmup)"
"1"," "
"1","
"
"1","Chain"
"1"," "
"1","5"
"1"," "
"1","Iteration:  500 / 2000 [ 25%]  (Warmup)"
"1"," "
"1","
"
"1","Chain"
"1"," "
"1","6"
"1"," "
"1","Iteration:  400 / 2000 [ 20%]  (Warmup)"
"1"," "
"1","
"
"1","Chain"
"1"," "
"1","8"
"1"," "
"1","Iteration:  400 / 2000 [ 20%]  (Warmup)"
"1"," "
"1","
"
"1","Chain"
"1"," "
"1","5"
"1"," "
"1","Iteration:  600 / 2000 [ 30%]  (Warmup)"
"1"," "
"1","
"
"1","Chain"
"1"," "
"1","7"
"1"," "
"1","Iteration:  400 / 2000 [ 20%]  (Warmup)"
"1"," "
"1","
"
"1","Chain"
"1"," "
"1","6"
"1"," "
"1","Iteration:  500 / 2000 [ 25%]  (Warmup)"
"1"," "
"1","
"
"1","Chain"
"1"," "
"1","8"
"1"," "
"1","Iteration:  500 / 2000 [ 25%]  (Warmup)"
"1"," "
"1","
"
"1","Chain"
"1"," "
"1","5"
"1"," "
"1","Iteration:  700 / 2000 [ 35%]  (Warmup)"
"1"," "
"1","
"
"1","Chain"
"1"," "
"1","7"
"1"," "
"1","Iteration:  500 / 2000 [ 25%]  (Warmup)"
"1"," "
"1","
"
"1","Chain"
"1"," "
"1","6"
"1"," "
"1","Iteration:  600 / 2000 [ 30%]  (Warmup)"
"1"," "
"1","
"
"1","Chain"
"1"," "
"1","8"
"1"," "
"1","Iteration:  600 / 2000 [ 30%]  (Warmup)"
"1"," "
"1","
"
"1","Chain"
"1"," "
"1","5"
"1"," "
"1","Iteration:  800 / 2000 [ 40%]  (Warmup)"
"1"," "
"1","
"
"1","Chain"
"1"," "
"1","7"
"1"," "
"1","Iteration:  600 / 2000 [ 30%]  (Warmup)"
"1"," "
"1","
"
"1","Chain"
"1"," "
"1","8"
"1"," "
"1","Iteration:  700 / 2000 [ 35%]  (Warmup)"
"1"," "
"1","
"
"1","Chain"
"1"," "
"1","6"
"1"," "
"1","Iteration:  700 / 2000 [ 35%]  (Warmup)"
"1"," "
"1","
"
"1","Chain"
"1"," "
"1","5"
"1"," "
"1","Iteration:  900 / 2000 [ 45%]  (Warmup)"
"1"," "
"1","
"
"1","Chain"
"1"," "
"1","7"
"1"," "
"1","Iteration:  700 / 2000 [ 35%]  (Warmup)"
"1"," "
"1","
"
"1","Chain"
"1"," "
"1","8"
"1"," "
"1","Iteration:  800 / 2000 [ 40%]  (Warmup)"
"1"," "
"1","
"
"1","Chain"
"1"," "
"1","6"
"1"," "
"1","Iteration:  800 / 2000 [ 40%]  (Warmup)"
"1"," "
"1","
"
"1","Chain"
"1"," "
"1","5"
"1"," "
"1","Iteration: 1000 / 2000 [ 50%]  (Warmup)"
"1"," "
"1","
"
"1","Chain"
"1"," "
"1","5"
"1"," "
"1","Iteration: 1001 / 2000 [ 50%]  (Sampling)"
"1"," "
"1","
"
"1","Chain"
"1"," "
"1","7"
"1"," "
"1","Iteration:  800 / 2000 [ 40%]  (Warmup)"
"1"," "
"1","
"
"1","Chain"
"1"," "
"1","8"
"1"," "
"1","Iteration:  900 / 2000 [ 45%]  (Warmup)"
"1"," "
"1","
"
"1","Chain"
"1"," "
"1","6"
"1"," "
"1","Iteration:  900 / 2000 [ 45%]  (Warmup)"
"1"," "
"1","
"
"1","Chain"
"1"," "
"1","7"
"1"," "
"1","Iteration:  900 / 2000 [ 45%]  (Warmup)"
"1"," "
"1","
"
"1","Chain"
"1"," "
"1","5"
"1"," "
"1","Iteration: 1100 / 2000 [ 55%]  (Sampling)"
"1"," "
"1","
"
"1","Chain"
"1"," "
"1","6"
"1"," "
"1","Iteration: 1000 / 2000 [ 50%]  (Warmup)"
"1"," "
"1","
"
"1","Chain"
"1"," "
"1","6"
"1"," "
"1","Iteration: 1001 / 2000 [ 50%]  (Sampling)"
"1"," "
"1","
"
"1","Chain"
"1"," "
"1","8"
"1"," "
"1","Iteration: 1000 / 2000 [ 50%]  (Warmup)"
"1"," "
"1","
"
"1","Chain"
"1"," "
"1","8"
"1"," "
"1","Iteration: 1001 / 2000 [ 50%]  (Sampling)"
"1"," "
"1","
"
"1","Chain"
"1"," "
"1","7"
"1"," "
"1","Iteration: 1000 / 2000 [ 50%]  (Warmup)"
"1"," "
"1","
"
"1","Chain"
"1"," "
"1","7"
"1"," "
"1","Iteration: 1001 / 2000 [ 50%]  (Sampling)"
"1"," "
"1","
"
"1","Chain"
"1"," "
"1","6"
"1"," "
"1","Iteration: 1100 / 2000 [ 55%]  (Sampling)"
"1"," "
"1","
"
"1","Chain"
"1"," "
"1","5"
"1"," "
"1","Iteration: 1200 / 2000 [ 60%]  (Sampling)"
"1"," "
"1","
"
"1","Chain"
"1"," "
"1","8"
"1"," "
"1","Iteration: 1100 / 2000 [ 55%]  (Sampling)"
"1"," "
"1","
"
"1","Chain"
"1"," "
"1","7"
"1"," "
"1","Iteration: 1100 / 2000 [ 55%]  (Sampling)"
"1"," "
"1","
"
"1","Chain"
"1"," "
"1","6"
"1"," "
"1","Iteration: 1200 / 2000 [ 60%]  (Sampling)"
"1"," "
"1","
"
"1","Chain"
"1"," "
"1","5"
"1"," "
"1","Iteration: 1300 / 2000 [ 65%]  (Sampling)"
"1"," "
"1","
"
"1","Chain"
"1"," "
"1","8"
"1"," "
"1","Iteration: 1200 / 2000 [ 60%]  (Sampling)"
"1"," "
"1","
"
"1","Chain"
"1"," "
"1","7"
"1"," "
"1","Iteration: 1200 / 2000 [ 60%]  (Sampling)"
"1"," "
"1","
"
"1","Chain"
"1"," "
"1","5"
"1"," "
"1","Iteration: 1400 / 2000 [ 70%]  (Sampling)"
"1"," "
"1","
"
"1","Chain"
"1"," "
"1","6"
"1"," "
"1","Iteration: 1300 / 2000 [ 65%]  (Sampling)"
"1"," "
"1","
"
"1","Chain"
"1"," "
"1","8"
"1"," "
"1","Iteration: 1300 / 2000 [ 65%]  (Sampling)"
"1"," "
"1","
"
"1","Chain"
"1"," "
"1","7"
"1"," "
"1","Iteration: 1300 / 2000 [ 65%]  (Sampling)"
"1"," "
"1","
"
"1","Chain"
"1"," "
"1","5"
"1"," "
"1","Iteration: 1500 / 2000 [ 75%]  (Sampling)"
"1"," "
"1","
"
"1","Chain"
"1"," "
"1","6"
"1"," "
"1","Iteration: 1400 / 2000 [ 70%]  (Sampling)"
"1"," "
"1","
"
"1","Chain"
"1"," "
"1","8"
"1"," "
"1","Iteration: 1400 / 2000 [ 70%]  (Sampling)"
"1"," "
"1","
"
"1","Chain"
"1"," "
"1","7"
"1"," "
"1","Iteration: 1400 / 2000 [ 70%]  (Sampling)"
"1"," "
"1","
"
"1","Chain"
"1"," "
"1","5"
"1"," "
"1","Iteration: 1600 / 2000 [ 80%]  (Sampling)"
"1"," "
"1","
"
"1","Chain"
"1"," "
"1","6"
"1"," "
"1","Iteration: 1500 / 2000 [ 75%]  (Sampling)"
"1"," "
"1","
"
"1","Chain"
"1"," "
"1","8"
"1"," "
"1","Iteration: 1500 / 2000 [ 75%]  (Sampling)"
"1"," "
"1","
"
"1","Chain"
"1"," "
"1","7"
"1"," "
"1","Iteration: 1500 / 2000 [ 75%]  (Sampling)"
"1"," "
"1","
"
"1","Chain"
"1"," "
"1","6"
"1"," "
"1","Iteration: 1600 / 2000 [ 80%]  (Sampling)"
"1"," "
"1","
"
"1","Chain"
"1"," "
"1","5"
"1"," "
"1","Iteration: 1700 / 2000 [ 85%]  (Sampling)"
"1"," "
"1","
"
"1","Chain"
"1"," "
"1","8"
"1"," "
"1","Iteration: 1600 / 2000 [ 80%]  (Sampling)"
"1"," "
"1","
"
"1","Chain"
"1"," "
"1","7"
"1"," "
"1","Iteration: 1600 / 2000 [ 80%]  (Sampling)"
"1"," "
"1","
"
"1","Chain"
"1"," "
"1","6"
"1"," "
"1","Iteration: 1700 / 2000 [ 85%]  (Sampling)"
"1"," "
"1","
"
"1","Chain"
"1"," "
"1","5"
"1"," "
"1","Iteration: 1800 / 2000 [ 90%]  (Sampling)"
"1"," "
"1","
"
"1","Chain"
"1"," "
"1","8"
"1"," "
"1","Iteration: 1700 / 2000 [ 85%]  (Sampling)"
"1"," "
"1","
"
"1","Chain"
"1"," "
"1","7"
"1"," "
"1","Iteration: 1700 / 2000 [ 85%]  (Sampling)"
"1"," "
"1","
"
"1","Chain"
"1"," "
"1","6"
"1"," "
"1","Iteration: 1800 / 2000 [ 90%]  (Sampling)"
"1"," "
"1","
"
"1","Chain"
"1"," "
"1","5"
"1"," "
"1","Iteration: 1900 / 2000 [ 95%]  (Sampling)"
"1"," "
"1","
"
"1","Chain"
"1"," "
"1","7"
"1"," "
"1","Iteration: 1800 / 2000 [ 90%]  (Sampling)"
"1"," "
"1","
"
"1","Chain"
"1"," "
"1","8"
"1"," "
"1","Iteration: 1800 / 2000 [ 90%]  (Sampling)"
"1"," "
"1","
"
"1","Chain"
"1"," "
"1","6"
"1"," "
"1","Iteration: 1900 / 2000 [ 95%]  (Sampling)"
"1"," "
"1","
"
"1","Chain"
"1"," "
"1","5"
"1"," "
"1","Iteration: 2000 / 2000 [100%]  (Sampling)"
"1"," "
"1","
"
"1","Chain"
"1"," "
"1","5"
"1"," "
"1","finished in"
"1"," "
"1","80.0"
"1"," "
"1","seconds.
"
"1","Chain"
"1"," "
"1","7"
"1"," "
"1","Iteration: 1900 / 2000 [ 95%]  (Sampling)"
"1"," "
"1","
"
"1","Chain"
"1"," "
"1","9"
"1"," "
"1","Iteration:    1 / 2000 [  0%]  (Warmup)"
"1"," "
"1","
"
"2","Chain 9 Informational Message: The current Metropolis proposal is about to be rejected because of the following issue:
"
"2","Chain 9 Exception: lognormal_lpdf: Location parameter[1] is nan, but must be finite! (in '/var/folders/jg/l5d_63291cz8t8jgb4ttj1vc0000gn/T/RtmpfCmi7V/model-38e95395c447.stan', line 93, column 2 to column 34)
"
"2","Chain 9 If this warning occurs sporadically, such as for highly constrained variable types like covariance matrices, then the sampler is fine,
"
"2","Chain 9 but if this warning occurs often then your model may be either severely ill-conditioned or misspecified.
"
"2","Chain 9 
"
"2","Chain 9 Informational Message: The current Metropolis proposal is about to be rejected because of the following issue:
"
"2","Chain 9 Exception: lognormal_lpdf: Location parameter[1] is nan, but must be finite! (in '/var/folders/jg/l5d_63291cz8t8jgb4ttj1vc0000gn/T/RtmpfCmi7V/model-38e95395c447.stan', line 93, column 2 to column 34)
"
"2","Chain 9 If this warning occurs sporadically, such as for highly constrained variable types like covariance matrices, then the sampler is fine,
"
"2","Chain 9 but if this warning occurs often then your model may be either severely ill-conditioned or misspecified.
"
"2","Chain 9 
"
"2","Chain 9 Informational Message: The current Metropolis proposal is about to be rejected because of the following issue:
"
"2","Chain 9 Exception: lognormal_lpdf: Location parameter[1] is nan, but must be finite! (in '/var/folders/jg/l5d_63291cz8t8jgb4ttj1vc0000gn/T/RtmpfCmi7V/model-38e95395c447.stan', line 93, column 2 to column 34)
"
"2","Chain 9 If this warning occurs sporadically, such as for highly constrained variable types like covariance matrices, then the sampler is fine,
"
"2","Chain 9 but if this warning occurs often then your model may be either severely ill-conditioned or misspecified.
"
"2","Chain 9 
"
"2","Chain 9 Informational Message: The current Metropolis proposal is about to be rejected because of the following issue:
"
"2","Chain 9 Exception: lognormal_lpdf: Location parameter[1] is nan, but must be finite! (in '/var/folders/jg/l5d_63291cz8t8jgb4ttj1vc0000gn/T/RtmpfCmi7V/model-38e95395c447.stan', line 93, column 2 to column 34)
"
"2","Chain 9 If this warning occurs sporadically, such as for highly constrained variable types like covariance matrices, then the sampler is fine,
"
"2","Chain 9 but if this warning occurs often then your model may be either severely ill-conditioned or misspecified.
"
"2","Chain 9 
"
"2","Chain 9 Informational Message: The current Metropolis proposal is about to be rejected because of the following issue:
"
"2","Chain 9 Exception: lognormal_lpdf: Location parameter[1] is nan, but must be finite! (in '/var/folders/jg/l5d_63291cz8t8jgb4ttj1vc0000gn/T/RtmpfCmi7V/model-38e95395c447.stan', line 93, column 2 to column 34)
"
"2","Chain 9 If this warning occurs sporadically, such as for highly constrained variable types like covariance matrices, then the sampler is fine,
"
"2","Chain 9 but if this warning occurs often then your model may be either severely ill-conditioned or misspecified.
"
"2","Chain 9 
"
"2","Chain 9 Informational Message: The current Metropolis proposal is about to be rejected because of the following issue:
"
"2","Chain 9 Exception: lognormal_lpdf: Location parameter[1] is nan, but must be finite! (in '/var/folders/jg/l5d_63291cz8t8jgb4ttj1vc0000gn/T/RtmpfCmi7V/model-38e95395c447.stan', line 93, column 2 to column 34)
"
"2","Chain 9 If this warning occurs sporadically, such as for highly constrained variable types like covariance matrices, then the sampler is fine,
"
"2","Chain 9 but if this warning occurs often then your model may be either severely ill-conditioned or misspecified.
"
"2","Chain 9 
"
"2","Chain 9 Informational Message: The current Metropolis proposal is about to be rejected because of the following issue:
"
"2","Chain 9 Exception: lognormal_lpdf: Location parameter[1] is nan, but must be finite! (in '/var/folders/jg/l5d_63291cz8t8jgb4ttj1vc0000gn/T/RtmpfCmi7V/model-38e95395c447.stan', line 93, column 2 to column 34)
"
"2","Chain 9 If this warning occurs sporadically, such as for highly constrained variable types like covariance matrices, then the sampler is fine,
"
"2","Chain 9 but if this warning occurs often then your model may be either severely ill-conditioned or misspecified.
"
"2","Chain 9 
"
"2","Chain 9 Informational Message: The current Metropolis proposal is about to be rejected because of the following issue:
"
"2","Chain 9 Exception: lognormal_lpdf: Location parameter[1] is nan, but must be finite! (in '/var/folders/jg/l5d_63291cz8t8jgb4ttj1vc0000gn/T/RtmpfCmi7V/model-38e95395c447.stan', line 93, column 2 to column 34)
"
"2","Chain 9 If this warning occurs sporadically, such as for highly constrained variable types like covariance matrices, then the sampler is fine,
"
"2","Chain 9 but if this warning occurs often then your model may be either severely ill-conditioned or misspecified.
"
"2","Chain 9 
"
"2","Chain 9 Informational Message: The current Metropolis proposal is about to be rejected because of the following issue:
"
"2","Chain 9 Exception: beta_lpdf: Second shape parameter is 0, but must be > 0! (in '/var/folders/jg/l5d_63291cz8t8jgb4ttj1vc0000gn/T/RtmpfCmi7V/model-38e95395c447.stan', line 83, column 2 to column 53)
"
"2","Chain 9 If this warning occurs sporadically, such as for highly constrained variable types like covariance matrices, then the sampler is fine,
"
"2","Chain 9 but if this warning occurs often then your model may be either severely ill-conditioned or misspecified.
"
"2","Chain 9 
"
"2","Chain 9 Informational Message: The current Metropolis proposal is about to be rejected because of the following issue:
"
"2","Chain 9 Exception: beta_lpdf: Second shape parameter is 0, but must be > 0! (in '/var/folders/jg/l5d_63291cz8t8jgb4ttj1vc0000gn/T/RtmpfCmi7V/model-38e95395c447.stan', line 83, column 2 to column 53)
"
"2","Chain 9 If this warning occurs sporadically, such as for highly constrained variable types like covariance matrices, then the sampler is fine,
"
"2","Chain 9 but if this warning occurs often then your model may be either severely ill-conditioned or misspecified.
"
"2","Chain 9 
"
"2","Chain 9 Informational Message: The current Metropolis proposal is about to be rejected because of the following issue:
"
"2","Chain 9 Exception: lognormal_lpdf: Location parameter[1] is nan, but must be finite! (in '/var/folders/jg/l5d_63291cz8t8jgb4ttj1vc0000gn/T/RtmpfCmi7V/model-38e95395c447.stan', line 93, column 2 to column 34)
"
"2","Chain 9 If this warning occurs sporadically, such as for highly constrained variable types like covariance matrices, then the sampler is fine,
"
"2","Chain 9 but if this warning occurs often then your model may be either severely ill-conditioned or misspecified.
"
"2","Chain 9 
"
"1","Chain"
"1"," "
"1","8"
"1"," "
"1","Iteration: 1900 / 2000 [ 95%]  (Sampling)"
"1"," "
"1","
"
"1","Chain"
"1"," "
"1","6"
"1"," "
"1","Iteration: 2000 / 2000 [100%]  (Sampling)"
"1"," "
"1","
"
"1","Chain"
"1"," "
"1","6"
"1"," "
"1","finished in"
"1"," "
"1","79.8"
"1"," "
"1","seconds.
"
"2","Chain 10 Rejecting initial value:
"
"2","Chain 10   Error evaluating the log probability at the initial value.
"
"2","Chain 10 Exception: lognormal_lpdf: Location parameter[176] is -inf, but must be finite! (in '/var/folders/jg/l5d_63291cz8t8jgb4ttj1vc0000gn/T/RtmpfCmi7V/model-38e95395c447.stan', line 93, column 2 to column 34)
"
"2","Chain 10 Exception: lognormal_lpdf: Location parameter[176] is -inf, but must be finite! (in '/var/folders/jg/l5d_63291cz8t8jgb4ttj1vc0000gn/T/RtmpfCmi7V/model-38e95395c447.stan', line 93, column 2 to column 34)
"
"2","Chain 10 Gradient evaluation took 0.000422 seconds
"
"2","Chain 10 1000 transitions using 10 leapfrog steps per transition would take 4.22 seconds.
"
"2","Chain 10 Adjust your expectations accordingly!
"
"1","Chain"
"1"," "
"1","10"
"1"," "
"1","Iteration:    1 / 2000 [  0%]  (Warmup)"
"1"," "
"1","
"
"2","Chain 10 Informational Message: The current Metropolis proposal is about to be rejected because of the following issue:
"
"2","Chain 10 Exception: lognormal_lpdf: Location parameter[1] is nan, but must be finite! (in '/var/folders/jg/l5d_63291cz8t8jgb4ttj1vc0000gn/T/RtmpfCmi7V/model-38e95395c447.stan', line 93, column 2 to column 34)
"
"2","Chain 10 If this warning occurs sporadically, such as for highly constrained variable types like covariance matrices, then the sampler is fine,
"
"2","Chain 10 but if this warning occurs often then your model may be either severely ill-conditioned or misspecified.
"
"2","Chain 10 
"
"2","Chain 10 Informational Message: The current Metropolis proposal is about to be rejected because of the following issue:
"
"2","Chain 10 Exception: lognormal_lpdf: Location parameter[1] is nan, but must be finite! (in '/var/folders/jg/l5d_63291cz8t8jgb4ttj1vc0000gn/T/RtmpfCmi7V/model-38e95395c447.stan', line 93, column 2 to column 34)
"
"2","Chain 10 If this warning occurs sporadically, such as for highly constrained variable types like covariance matrices, then the sampler is fine,
"
"2","Chain 10 but if this warning occurs often then your model may be either severely ill-conditioned or misspecified.
"
"2","Chain 10 
"
"2","Chain 10 Informational Message: The current Metropolis proposal is about to be rejected because of the following issue:
"
"2","Chain 10 Exception: lognormal_lpdf: Location parameter[1] is nan, but must be finite! (in '/var/folders/jg/l5d_63291cz8t8jgb4ttj1vc0000gn/T/RtmpfCmi7V/model-38e95395c447.stan', line 93, column 2 to column 34)
"
"2","Chain 10 If this warning occurs sporadically, such as for highly constrained variable types like covariance matrices, then the sampler is fine,
"
"2","Chain 10 but if this warning occurs often then your model may be either severely ill-conditioned or misspecified.
"
"2","Chain 10 
"
"2","Chain 10 Informational Message: The current Metropolis proposal is about to be rejected because of the following issue:
"
"2","Chain 10 Exception: lognormal_lpdf: Location parameter[1] is nan, but must be finite! (in '/var/folders/jg/l5d_63291cz8t8jgb4ttj1vc0000gn/T/RtmpfCmi7V/model-38e95395c447.stan', line 93, column 2 to column 34)
"
"2","Chain 10 If this warning occurs sporadically, such as for highly constrained variable types like covariance matrices, then the sampler is fine,
"
"2","Chain 10 but if this warning occurs often then your model may be either severely ill-conditioned or misspecified.
"
"2","Chain 10 
"
"2","Chain 10 Informational Message: The current Metropolis proposal is about to be rejected because of the following issue:
"
"2","Chain 10 Exception: lognormal_lpdf: Location parameter[1] is nan, but must be finite! (in '/var/folders/jg/l5d_63291cz8t8jgb4ttj1vc0000gn/T/RtmpfCmi7V/model-38e95395c447.stan', line 93, column 2 to column 34)
"
"2","Chain 10 If this warning occurs sporadically, such as for highly constrained variable types like covariance matrices, then the sampler is fine,
"
"2","Chain 10 but if this warning occurs often then your model may be either severely ill-conditioned or misspecified.
"
"2","Chain 10 
"
"2","Chain 10 Informational Message: The current Metropolis proposal is about to be rejected because of the following issue:
"
"2","Chain 10 Exception: lognormal_lpdf: Location parameter[1] is nan, but must be finite! (in '/var/folders/jg/l5d_63291cz8t8jgb4ttj1vc0000gn/T/RtmpfCmi7V/model-38e95395c447.stan', line 93, column 2 to column 34)
"
"2","Chain 10 If this warning occurs sporadically, such as for highly constrained variable types like covariance matrices, then the sampler is fine,
"
"2","Chain 10 but if this warning occurs often then your model may be either severely ill-conditioned or misspecified.
"
"2","Chain 10 
"
"2","Chain 10 Informational Message: The current Metropolis proposal is about to be rejected because of the following issue:
"
"2","Chain 10 Exception: lognormal_lpdf: Location parameter[1] is nan, but must be finite! (in '/var/folders/jg/l5d_63291cz8t8jgb4ttj1vc0000gn/T/RtmpfCmi7V/model-38e95395c447.stan', line 93, column 2 to column 34)
"
"2","Chain 10 If this warning occurs sporadically, such as for highly constrained variable types like covariance matrices, then the sampler is fine,
"
"2","Chain 10 but if this warning occurs often then your model may be either severely ill-conditioned or misspecified.
"
"2","Chain 10 
"
"2","Chain 10 Informational Message: The current Metropolis proposal is about to be rejected because of the following issue:
"
"2","Chain 10 Exception: beta_lpdf: First shape parameter is 0, but must be > 0! (in '/var/folders/jg/l5d_63291cz8t8jgb4ttj1vc0000gn/T/RtmpfCmi7V/model-38e95395c447.stan', line 83, column 2 to column 53)
"
"2","Chain 10 If this warning occurs sporadically, such as for highly constrained variable types like covariance matrices, then the sampler is fine,
"
"2","Chain 10 but if this warning occurs often then your model may be either severely ill-conditioned or misspecified.
"
"2","Chain 10 
"
"2","Chain 10 Informational Message: The current Metropolis proposal is about to be rejected because of the following issue:
"
"2","Chain 10 Exception: beta_lpdf: Second shape parameter is 0, but must be > 0! (in '/var/folders/jg/l5d_63291cz8t8jgb4ttj1vc0000gn/T/RtmpfCmi7V/model-38e95395c447.stan', line 87, column 2 to column 42)
"
"2","Chain 10 If this warning occurs sporadically, such as for highly constrained variable types like covariance matrices, then the sampler is fine,
"
"2","Chain 10 but if this warning occurs often then your model may be either severely ill-conditioned or misspecified.
"
"2","Chain 10 
"
"2","Chain 10 Informational Message: The current Metropolis proposal is about to be rejected because of the following issue:
"
"2","Chain 10 Exception: lognormal_lpdf: Location parameter[1] is nan, but must be finite! (in '/var/folders/jg/l5d_63291cz8t8jgb4ttj1vc0000gn/T/RtmpfCmi7V/model-38e95395c447.stan', line 93, column 2 to column 34)
"
"2","Chain 10 If this warning occurs sporadically, such as for highly constrained variable types like covariance matrices, then the sampler is fine,
"
"2","Chain 10 but if this warning occurs often then your model may be either severely ill-conditioned or misspecified.
"
"2","Chain 10 
"
"1","Chain"
"1"," "
"1","7"
"1"," "
"1","Iteration: 2000 / 2000 [100%]  (Sampling)"
"1"," "
"1","
"
"1","Chain"
"1"," "
"1","7"
"1"," "
"1","finished in"
"1"," "
"1","77.2"
"1"," "
"1","seconds.
"
"1","Chain"
"1"," "
"1","8"
"1"," "
"1","Iteration: 2000 / 2000 [100%]  (Sampling)"
"1"," "
"1","
"
"1","Chain"
"1"," "
"1","11"
"1"," "
"1","Iteration:    1 / 2000 [  0%]  (Warmup)"
"1"," "
"1","
"
"2","Chain 11 Informational Message: The current Metropolis proposal is about to be rejected because of the following issue:
"
"2","Chain 11 Exception: lognormal_lpdf: Scale parameter is inf, but must be finite! (in '/var/folders/jg/l5d_63291cz8t8jgb4ttj1vc0000gn/T/RtmpfCmi7V/model-38e95395c447.stan', line 93, column 2 to column 34)
"
"2","Chain 11 If this warning occurs sporadically, such as for highly constrained variable types like covariance matrices, then the sampler is fine,
"
"2","Chain 11 but if this warning occurs often then your model may be either severely ill-conditioned or misspecified.
"
"2","Chain 11 
"
"2","Chain 11 Informational Message: The current Metropolis proposal is about to be rejected because of the following issue:
"
"2","Chain 11 Exception: lognormal_lpdf: Scale parameter is inf, but must be finite! (in '/var/folders/jg/l5d_63291cz8t8jgb4ttj1vc0000gn/T/RtmpfCmi7V/model-38e95395c447.stan', line 93, column 2 to column 34)
"
"2","Chain 11 If this warning occurs sporadically, such as for highly constrained variable types like covariance matrices, then the sampler is fine,
"
"2","Chain 11 but if this warning occurs often then your model may be either severely ill-conditioned or misspecified.
"
"2","Chain 11 
"
"2","Chain 11 Informational Message: The current Metropolis proposal is about to be rejected because of the following issue:
"
"2","Chain 11 Exception: lognormal_lpdf: Scale parameter is inf, but must be finite! (in '/var/folders/jg/l5d_63291cz8t8jgb4ttj1vc0000gn/T/RtmpfCmi7V/model-38e95395c447.stan', line 93, column 2 to column 34)
"
"2","Chain 11 If this warning occurs sporadically, such as for highly constrained variable types like covariance matrices, then the sampler is fine,
"
"2","Chain 11 but if this warning occurs often then your model may be either severely ill-conditioned or misspecified.
"
"2","Chain 11 
"
"2","Chain 11 Informational Message: The current Metropolis proposal is about to be rejected because of the following issue:
"
"2","Chain 11 Exception: lognormal_lpdf: Scale parameter is inf, but must be finite! (in '/var/folders/jg/l5d_63291cz8t8jgb4ttj1vc0000gn/T/RtmpfCmi7V/model-38e95395c447.stan', line 93, column 2 to column 34)
"
"2","Chain 11 If this warning occurs sporadically, such as for highly constrained variable types like covariance matrices, then the sampler is fine,
"
"2","Chain 11 but if this warning occurs often then your model may be either severely ill-conditioned or misspecified.
"
"2","Chain 11 
"
"2","Chain 11 Informational Message: The current Metropolis proposal is about to be rejected because of the following issue:
"
"2","Chain 11 Exception: beta_lpdf: Second shape parameter is 0, but must be > 0! (in '/var/folders/jg/l5d_63291cz8t8jgb4ttj1vc0000gn/T/RtmpfCmi7V/model-38e95395c447.stan', line 83, column 2 to column 53)
"
"2","Chain 11 If this warning occurs sporadically, such as for highly constrained variable types like covariance matrices, then the sampler is fine,
"
"2","Chain 11 but if this warning occurs often then your model may be either severely ill-conditioned or misspecified.
"
"2","Chain 11 
"
"2","Chain 11 Informational Message: The current Metropolis proposal is about to be rejected because of the following issue:
"
"2","Chain 11 Exception: beta_lpdf: Second shape parameter is 0, but must be > 0! (in '/var/folders/jg/l5d_63291cz8t8jgb4ttj1vc0000gn/T/RtmpfCmi7V/model-38e95395c447.stan', line 83, column 2 to column 53)
"
"2","Chain 11 If this warning occurs sporadically, such as for highly constrained variable types like covariance matrices, then the sampler is fine,
"
"2","Chain 11 but if this warning occurs often then your model may be either severely ill-conditioned or misspecified.
"
"2","Chain 11 
"
"1","Chain"
"1"," "
"1","8"
"1"," "
"1","finished in"
"1"," "
"1","77.2"
"1"," "
"1","seconds.
"
"1","Chain"
"1"," "
"1","12"
"1"," "
"1","Iteration:    1 / 2000 [  0%]  (Warmup)"
"1"," "
"1","
"
"2","Chain 12 Informational Message: The current Metropolis proposal is about to be rejected because of the following issue:
"
"2","Chain 12 Exception: lognormal_lpdf: Location parameter[1] is nan, but must be finite! (in '/var/folders/jg/l5d_63291cz8t8jgb4ttj1vc0000gn/T/RtmpfCmi7V/model-38e95395c447.stan', line 93, column 2 to column 34)
"
"2","Chain 12 If this warning occurs sporadically, such as for highly constrained variable types like covariance matrices, then the sampler is fine,
"
"2","Chain 12 but if this warning occurs often then your model may be either severely ill-conditioned or misspecified.
"
"2","Chain 12 
"
"2","Chain 12 Informational Message: The current Metropolis proposal is about to be rejected because of the following issue:
"
"2","Chain 12 Exception: lognormal_lpdf: Location parameter[1] is nan, but must be finite! (in '/var/folders/jg/l5d_63291cz8t8jgb4ttj1vc0000gn/T/RtmpfCmi7V/model-38e95395c447.stan', line 93, column 2 to column 34)
"
"2","Chain 12 If this warning occurs sporadically, such as for highly constrained variable types like covariance matrices, then the sampler is fine,
"
"2","Chain 12 but if this warning occurs often then your model may be either severely ill-conditioned or misspecified.
"
"2","Chain 12 
"
"2","Chain 12 Informational Message: The current Metropolis proposal is about to be rejected because of the following issue:
"
"2","Chain 12 Exception: lognormal_lpdf: Location parameter[1] is nan, but must be finite! (in '/var/folders/jg/l5d_63291cz8t8jgb4ttj1vc0000gn/T/RtmpfCmi7V/model-38e95395c447.stan', line 93, column 2 to column 34)
"
"2","Chain 12 If this warning occurs sporadically, such as for highly constrained variable types like covariance matrices, then the sampler is fine,
"
"2","Chain 12 but if this warning occurs often then your model may be either severely ill-conditioned or misspecified.
"
"2","Chain 12 
"
"2","Chain 12 Informational Message: The current Metropolis proposal is about to be rejected because of the following issue:
"
"2","Chain 12 Exception: lognormal_lpdf: Location parameter[1] is nan, but must be finite! (in '/var/folders/jg/l5d_63291cz8t8jgb4ttj1vc0000gn/T/RtmpfCmi7V/model-38e95395c447.stan', line 93, column 2 to column 34)
"
"2","Chain 12 If this warning occurs sporadically, such as for highly constrained variable types like covariance matrices, then the sampler is fine,
"
"2","Chain 12 but if this warning occurs often then your model may be either severely ill-conditioned or misspecified.
"
"2","Chain 12 
"
"2","Chain 12 Informational Message: The current Metropolis proposal is about to be rejected because of the following issue:
"
"2","Chain 12 Exception: lognormal_lpdf: Location parameter[1] is nan, but must be finite! (in '/var/folders/jg/l5d_63291cz8t8jgb4ttj1vc0000gn/T/RtmpfCmi7V/model-38e95395c447.stan', line 93, column 2 to column 34)
"
"2","Chain 12 If this warning occurs sporadically, such as for highly constrained variable types like covariance matrices, then the sampler is fine,
"
"2","Chain 12 but if this warning occurs often then your model may be either severely ill-conditioned or misspecified.
"
"2","Chain 12 
"
"2","Chain 12 Informational Message: The current Metropolis proposal is about to be rejected because of the following issue:
"
"2","Chain 12 Exception: lognormal_lpdf: Location parameter[1] is nan, but must be finite! (in '/var/folders/jg/l5d_63291cz8t8jgb4ttj1vc0000gn/T/RtmpfCmi7V/model-38e95395c447.stan', line 93, column 2 to column 34)
"
"2","Chain 12 If this warning occurs sporadically, such as for highly constrained variable types like covariance matrices, then the sampler is fine,
"
"2","Chain 12 but if this warning occurs often then your model may be either severely ill-conditioned or misspecified.
"
"2","Chain 12 
"
"2","Chain 12 Informational Message: The current Metropolis proposal is about to be rejected because of the following issue:
"
"2","Chain 12 Exception: lognormal_lpdf: Location parameter[1] is nan, but must be finite! (in '/var/folders/jg/l5d_63291cz8t8jgb4ttj1vc0000gn/T/RtmpfCmi7V/model-38e95395c447.stan', line 93, column 2 to column 34)
"
"2","Chain 12 If this warning occurs sporadically, such as for highly constrained variable types like covariance matrices, then the sampler is fine,
"
"2","Chain 12 but if this warning occurs often then your model may be either severely ill-conditioned or misspecified.
"
"2","Chain 12 
"
"2","Chain 12 Informational Message: The current Metropolis proposal is about to be rejected because of the following issue:
"
"2","Chain 12 Exception: lognormal_lpdf: Location parameter[1] is -inf, but must be finite! (in '/var/folders/jg/l5d_63291cz8t8jgb4ttj1vc0000gn/T/RtmpfCmi7V/model-38e95395c447.stan', line 93, column 2 to column 34)
"
"2","Chain 12 If this warning occurs sporadically, such as for highly constrained variable types like covariance matrices, then the sampler is fine,
"
"2","Chain 12 but if this warning occurs often then your model may be either severely ill-conditioned or misspecified.
"
"2","Chain 12 
"
"2","Chain 12 Informational Message: The current Metropolis proposal is about to be rejected because of the following issue:
"
"2","Chain 12 Exception: beta_lpdf: Second shape parameter is 0, but must be > 0! (in '/var/folders/jg/l5d_63291cz8t8jgb4ttj1vc0000gn/T/RtmpfCmi7V/model-38e95395c447.stan', line 83, column 2 to column 53)
"
"2","Chain 12 If this warning occurs sporadically, such as for highly constrained variable types like covariance matrices, then the sampler is fine,
"
"2","Chain 12 but if this warning occurs often then your model may be either severely ill-conditioned or misspecified.
"
"2","Chain 12 
"
"2","Chain 12 Informational Message: The current Metropolis proposal is about to be rejected because of the following issue:
"
"2","Chain 12 Exception: lognormal_lpdf: Location parameter[1] is nan, but must be finite! (in '/var/folders/jg/l5d_63291cz8t8jgb4ttj1vc0000gn/T/RtmpfCmi7V/model-38e95395c447.stan', line 93, column 2 to column 34)
"
"2","Chain 12 If this warning occurs sporadically, such as for highly constrained variable types like covariance matrices, then the sampler is fine,
"
"2","Chain 12 but if this warning occurs often then your model may be either severely ill-conditioned or misspecified.
"
"2","Chain 12 
"
"2","Chain 12 Informational Message: The current Metropolis proposal is about to be rejected because of the following issue:
"
"2","Chain 12 Exception: lognormal_lpdf: Location parameter[1] is nan, but must be finite! (in '/var/folders/jg/l5d_63291cz8t8jgb4ttj1vc0000gn/T/RtmpfCmi7V/model-38e95395c447.stan', line 93, column 2 to column 34)
"
"2","Chain 12 If this warning occurs sporadically, such as for highly constrained variable types like covariance matrices, then the sampler is fine,
"
"2","Chain 12 but if this warning occurs often then your model may be either severely ill-conditioned or misspecified.
"
"2","Chain 12 
"
"1","Chain"
"1"," "
"1","9"
"1"," "
"1","Iteration:  100 / 2000 [  5%]  (Warmup)"
"1"," "
"1","
"
"1","Chain"
"1"," "
"1","12"
"1"," "
"1","Iteration:  100 / 2000 [  5%]  (Warmup)"
"1"," "
"1","
"
"1","Chain"
"1"," "
"1","9"
"1"," "
"1","Iteration:  200 / 2000 [ 10%]  (Warmup)"
"1"," "
"1","
"
"1","Chain"
"1"," "
"1","11"
"1"," "
"1","Iteration:  100 / 2000 [  5%]  (Warmup)"
"1"," "
"1","
"
"1","Chain"
"1"," "
"1","10"
"1"," "
"1","Iteration:  100 / 2000 [  5%]  (Warmup)"
"1"," "
"1","
"
"1","Chain"
"1"," "
"1","9"
"1"," "
"1","Iteration:  300 / 2000 [ 15%]  (Warmup)"
"1"," "
"1","
"
"1","Chain"
"1"," "
"1","11"
"1"," "
"1","Iteration:  200 / 2000 [ 10%]  (Warmup)"
"1"," "
"1","
"
"1","Chain"
"1"," "
"1","12"
"1"," "
"1","Iteration:  200 / 2000 [ 10%]  (Warmup)"
"1"," "
"1","
"
"1","Chain"
"1"," "
"1","10"
"1"," "
"1","Iteration:  200 / 2000 [ 10%]  (Warmup)"
"1"," "
"1","
"
"1","Chain"
"1"," "
"1","9"
"1"," "
"1","Iteration:  400 / 2000 [ 20%]  (Warmup)"
"1"," "
"1","
"
"1","Chain"
"1"," "
"1","11"
"1"," "
"1","Iteration:  300 / 2000 [ 15%]  (Warmup)"
"1"," "
"1","
"
"1","Chain"
"1"," "
"1","12"
"1"," "
"1","Iteration:  300 / 2000 [ 15%]  (Warmup)"
"1"," "
"1","
"
"1","Chain"
"1"," "
"1","10"
"1"," "
"1","Iteration:  300 / 2000 [ 15%]  (Warmup)"
"1"," "
"1","
"
"1","Chain"
"1"," "
"1","9"
"1"," "
"1","Iteration:  500 / 2000 [ 25%]  (Warmup)"
"1"," "
"1","
"
"1","Chain"
"1"," "
"1","11"
"1"," "
"1","Iteration:  400 / 2000 [ 20%]  (Warmup)"
"1"," "
"1","
"
"1","Chain"
"1"," "
"1","12"
"1"," "
"1","Iteration:  400 / 2000 [ 20%]  (Warmup)"
"1"," "
"1","
"
"1","Chain"
"1"," "
"1","10"
"1"," "
"1","Iteration:  400 / 2000 [ 20%]  (Warmup)"
"1"," "
"1","
"
"1","Chain"
"1"," "
"1","9"
"1"," "
"1","Iteration:  600 / 2000 [ 30%]  (Warmup)"
"1"," "
"1","
"
"1","Chain"
"1"," "
"1","11"
"1"," "
"1","Iteration:  500 / 2000 [ 25%]  (Warmup)"
"1"," "
"1","
"
"1","Chain"
"1"," "
"1","12"
"1"," "
"1","Iteration:  500 / 2000 [ 25%]  (Warmup)"
"1"," "
"1","
"
"1","Chain"
"1"," "
"1","10"
"1"," "
"1","Iteration:  500 / 2000 [ 25%]  (Warmup)"
"1"," "
"1","
"
"1","Chain"
"1"," "
"1","9"
"1"," "
"1","Iteration:  700 / 2000 [ 35%]  (Warmup)"
"1"," "
"1","
"
"1","Chain"
"1"," "
"1","11"
"1"," "
"1","Iteration:  600 / 2000 [ 30%]  (Warmup)"
"1"," "
"1","
"
"1","Chain"
"1"," "
"1","12"
"1"," "
"1","Iteration:  600 / 2000 [ 30%]  (Warmup)"
"1"," "
"1","
"
"1","Chain"
"1"," "
"1","9"
"1"," "
"1","Iteration:  800 / 2000 [ 40%]  (Warmup)"
"1"," "
"1","
"
"1","Chain"
"1"," "
"1","10"
"1"," "
"1","Iteration:  600 / 2000 [ 30%]  (Warmup)"
"1"," "
"1","
"
"1","Chain"
"1"," "
"1","11"
"1"," "
"1","Iteration:  700 / 2000 [ 35%]  (Warmup)"
"1"," "
"1","
"
"1","Chain"
"1"," "
"1","12"
"1"," "
"1","Iteration:  700 / 2000 [ 35%]  (Warmup)"
"1"," "
"1","
"
"1","Chain"
"1"," "
"1","9"
"1"," "
"1","Iteration:  900 / 2000 [ 45%]  (Warmup)"
"1"," "
"1","
"
"1","Chain"
"1"," "
"1","10"
"1"," "
"1","Iteration:  700 / 2000 [ 35%]  (Warmup)"
"1"," "
"1","
"
"1","Chain"
"1"," "
"1","11"
"1"," "
"1","Iteration:  800 / 2000 [ 40%]  (Warmup)"
"1"," "
"1","
"
"1","Chain"
"1"," "
"1","12"
"1"," "
"1","Iteration:  800 / 2000 [ 40%]  (Warmup)"
"1"," "
"1","
"
"1","Chain"
"1"," "
"1","9"
"1"," "
"1","Iteration: 1000 / 2000 [ 50%]  (Warmup)"
"1"," "
"1","
"
"1","Chain"
"1"," "
"1","9"
"1"," "
"1","Iteration: 1001 / 2000 [ 50%]  (Sampling)"
"1"," "
"1","
"
"1","Chain"
"1"," "
"1","10"
"1"," "
"1","Iteration:  800 / 2000 [ 40%]  (Warmup)"
"1"," "
"1","
"
"1","Chain"
"1"," "
"1","11"
"1"," "
"1","Iteration:  900 / 2000 [ 45%]  (Warmup)"
"1"," "
"1","
"
"1","Chain"
"1"," "
"1","12"
"1"," "
"1","Iteration:  900 / 2000 [ 45%]  (Warmup)"
"1"," "
"1","
"
"1","Chain"
"1"," "
"1","10"
"1"," "
"1","Iteration:  900 / 2000 [ 45%]  (Warmup)"
"1"," "
"1","
"
"1","Chain"
"1"," "
"1","9"
"1"," "
"1","Iteration: 1100 / 2000 [ 55%]  (Sampling)"
"1"," "
"1","
"
"1","Chain"
"1"," "
"1","11"
"1"," "
"1","Iteration: 1000 / 2000 [ 50%]  (Warmup)"
"1"," "
"1","
"
"1","Chain"
"1"," "
"1","11"
"1"," "
"1","Iteration: 1001 / 2000 [ 50%]  (Sampling)"
"1"," "
"1","
"
"1","Chain"
"1"," "
"1","12"
"1"," "
"1","Iteration: 1000 / 2000 [ 50%]  (Warmup)"
"1"," "
"1","
"
"1","Chain"
"1"," "
"1","12"
"1"," "
"1","Iteration: 1001 / 2000 [ 50%]  (Sampling)"
"1"," "
"1","
"
"1","Chain"
"1"," "
"1","10"
"1"," "
"1","Iteration: 1000 / 2000 [ 50%]  (Warmup)"
"1"," "
"1","
"
"1","Chain"
"1"," "
"1","10"
"1"," "
"1","Iteration: 1001 / 2000 [ 50%]  (Sampling)"
"1"," "
"1","
"
"1","Chain"
"1"," "
"1","9"
"1"," "
"1","Iteration: 1200 / 2000 [ 60%]  (Sampling)"
"1"," "
"1","
"
"1","Chain"
"1"," "
"1","11"
"1"," "
"1","Iteration: 1100 / 2000 [ 55%]  (Sampling)"
"1"," "
"1","
"
"1","Chain"
"1"," "
"1","12"
"1"," "
"1","Iteration: 1100 / 2000 [ 55%]  (Sampling)"
"1"," "
"1","
"
"1","Chain"
"1"," "
"1","10"
"1"," "
"1","Iteration: 1100 / 2000 [ 55%]  (Sampling)"
"1"," "
"1","
"
"1","Chain"
"1"," "
"1","9"
"1"," "
"1","Iteration: 1300 / 2000 [ 65%]  (Sampling)"
"1"," "
"1","
"
"1","Chain"
"1"," "
"1","11"
"1"," "
"1","Iteration: 1200 / 2000 [ 60%]  (Sampling)"
"1"," "
"1","
"
"1","Chain"
"1"," "
"1","12"
"1"," "
"1","Iteration: 1200 / 2000 [ 60%]  (Sampling)"
"1"," "
"1","
"
"1","Chain"
"1"," "
"1","10"
"1"," "
"1","Iteration: 1200 / 2000 [ 60%]  (Sampling)"
"1"," "
"1","
"
"1","Chain"
"1"," "
"1","9"
"1"," "
"1","Iteration: 1400 / 2000 [ 70%]  (Sampling)"
"1"," "
"1","
"
"1","Chain"
"1"," "
"1","11"
"1"," "
"1","Iteration: 1300 / 2000 [ 65%]  (Sampling)"
"1"," "
"1","
"
"1","Chain"
"1"," "
"1","12"
"1"," "
"1","Iteration: 1300 / 2000 [ 65%]  (Sampling)"
"1"," "
"1","
"
"1","Chain"
"1"," "
"1","10"
"1"," "
"1","Iteration: 1300 / 2000 [ 65%]  (Sampling)"
"1"," "
"1","
"
"1","Chain"
"1"," "
"1","9"
"1"," "
"1","Iteration: 1500 / 2000 [ 75%]  (Sampling)"
"1"," "
"1","
"
"1","Chain"
"1"," "
"1","11"
"1"," "
"1","Iteration: 1400 / 2000 [ 70%]  (Sampling)"
"1"," "
"1","
"
"1","Chain"
"1"," "
"1","12"
"1"," "
"1","Iteration: 1400 / 2000 [ 70%]  (Sampling)"
"1"," "
"1","
"
"1","Chain"
"1"," "
"1","10"
"1"," "
"1","Iteration: 1400 / 2000 [ 70%]  (Sampling)"
"1"," "
"1","
"
"1","Chain"
"1"," "
"1","9"
"1"," "
"1","Iteration: 1600 / 2000 [ 80%]  (Sampling)"
"1"," "
"1","
"
"1","Chain"
"1"," "
"1","11"
"1"," "
"1","Iteration: 1500 / 2000 [ 75%]  (Sampling)"
"1"," "
"1","
"
"1","Chain"
"1"," "
"1","10"
"1"," "
"1","Iteration: 1500 / 2000 [ 75%]  (Sampling)"
"1"," "
"1","
"
"1","Chain"
"1"," "
"1","12"
"1"," "
"1","Iteration: 1500 / 2000 [ 75%]  (Sampling)"
"1"," "
"1","
"
"1","Chain"
"1"," "
"1","9"
"1"," "
"1","Iteration: 1700 / 2000 [ 85%]  (Sampling)"
"1"," "
"1","
"
"1","Chain"
"1"," "
"1","11"
"1"," "
"1","Iteration: 1600 / 2000 [ 80%]  (Sampling)"
"1"," "
"1","
"
"1","Chain"
"1"," "
"1","10"
"1"," "
"1","Iteration: 1600 / 2000 [ 80%]  (Sampling)"
"1"," "
"1","
"
"1","Chain"
"1"," "
"1","12"
"1"," "
"1","Iteration: 1600 / 2000 [ 80%]  (Sampling)"
"1"," "
"1","
"
"1","Chain"
"1"," "
"1","9"
"1"," "
"1","Iteration: 1800 / 2000 [ 90%]  (Sampling)"
"1"," "
"1","
"
"1","Chain"
"1"," "
"1","11"
"1"," "
"1","Iteration: 1700 / 2000 [ 85%]  (Sampling)"
"1"," "
"1","
"
"1","Chain"
"1"," "
"1","10"
"1"," "
"1","Iteration: 1700 / 2000 [ 85%]  (Sampling)"
"1"," "
"1","
"
"1","Chain"
"1"," "
"1","12"
"1"," "
"1","Iteration: 1700 / 2000 [ 85%]  (Sampling)"
"1"," "
"1","
"
"1","Chain"
"1"," "
"1","9"
"1"," "
"1","Iteration: 1900 / 2000 [ 95%]  (Sampling)"
"1"," "
"1","
"
"1","Chain"
"1"," "
"1","11"
"1"," "
"1","Iteration: 1800 / 2000 [ 90%]  (Sampling)"
"1"," "
"1","
"
"1","Chain"
"1"," "
"1","10"
"1"," "
"1","Iteration: 1800 / 2000 [ 90%]  (Sampling)"
"1"," "
"1","
"
"1","Chain"
"1"," "
"1","12"
"1"," "
"1","Iteration: 1800 / 2000 [ 90%]  (Sampling)"
"1"," "
"1","
"
"1","Chain"
"1"," "
"1","9"
"1"," "
"1","Iteration: 2000 / 2000 [100%]  (Sampling)"
"1"," "
"1","
"
"1","Chain"
"1"," "
"1","9"
"1"," "
"1","finished in"
"1"," "
"1","68.2"
"1"," "
"1","seconds.
"
"1","Chain"
"1"," "
"1","11"
"1"," "
"1","Iteration: 1900 / 2000 [ 95%]  (Sampling)"
"1"," "
"1","
"
"1","Chain"
"1"," "
"1","10"
"1"," "
"1","Iteration: 1900 / 2000 [ 95%]  (Sampling)"
"1"," "
"1","
"
"1","Chain"
"1"," "
"1","12"
"1"," "
"1","Iteration: 1900 / 2000 [ 95%]  (Sampling)"
"1"," "
"1","
"
"1","Chain"
"1"," "
"1","11"
"1"," "
"1","Iteration: 2000 / 2000 [100%]  (Sampling)"
"1"," "
"1","
"
"1","Chain"
"1"," "
"1","11"
"1"," "
"1","finished in"
"1"," "
"1","69.7"
"1"," "
"1","seconds.
"
"1","Chain"
"1"," "
"1","10"
"1"," "
"1","Iteration: 2000 / 2000 [100%]  (Sampling)"
"1"," "
"1","
"
"1","Chain"
"1"," "
"1","10"
"1"," "
"1","finished in"
"1"," "
"1","70.2"
"1"," "
"1","seconds.
"
"1","Chain"
"1"," "
"1","12"
"1"," "
"1","Iteration: 2000 / 2000 [100%]  (Sampling)"
"1"," "
"1","
"
"1","Chain"
"1"," "
"1","12"
"1"," "
"1","finished in"
"1"," "
"1","71.2"
"1"," "
"1","seconds.
"
"1","
All"
"1"," "
"1","12"
"1"," "
"1","chains finished successfully.
"
"1","Mean chain execution time:"
"1"," "
"1","69.0"
"1"," "
"1","seconds.
"
"1","Total execution time:"
"1"," "
"1","209.4"
"1"," "
"1","seconds.
"
"0","draws = as_draws_df(fit$draws())"
"0",""
"0","draws %>% "
"0","  gather_draws(Crepeat[i,j]) %>% "
"0","  filter(i==8) %>% "
"0","  pull(.value)->x"
"0","  "
"0","fitdist(x, 'lnorm') %>% plot"
"2","NaNs produced"
"2","NaNs produced"
"2","NaNs produced"
"2","NaNs produced"
